wavelength_nm,angle_deg,f11,f12,f22,f33,f34,f44
350,0,2.420902136e+00,-0.000000000e+00,2.420902136e+00,2.420902136e+00,0.000000000e+00,2.420902136e+00
350,5,1.950136453e+00,-2.090452649e-05,1.950136453e+00,1.950136452e+00,0.000000000e+00,1.950136452e+00
350,10,1.228999330e+00,-1.919334484e-04,1.228999330e+00,1.228999315e+00,0.000000000e+00,1.228999315e+00
350,15,7.622971766e-01,-5.188154386e-04,7.622971766e-01,7.622970000e-01,0.000000000e+00,7.622970000e-01
350,20,4.972871154e-01,-8.786941124e-04,4.972871154e-01,4.972863391e-01,0.000000000e+00,4.972863391e-01
350,25,3.406188548e-01,-1.166078594e-03,3.406188548e-01,3.406168588e-01,0.000000000e+00,3.406168588e-01
350,30,2.425408849e-01,-1.338455246e-03,2.425408849e-01,2.425371918e-01,0.000000000e+00,2.425371918e-01
350,35,1.782906808e-01,-1.406830584e-03,1.782906808e-01,1.782851303e-01,0.000000000e+00,1.782851303e-01
350,40,1.347057946e-01,-1.404281221e-03,1.347057946e-01,1.346984747e-01,0.000000000e+00,1.346984747e-01
350,45,1.042865596e-01,-1.361847611e-03,1.042865596e-01,1.042776672e-01,0.000000000e+00,1.042776672e-01
350,50,8.253258366e-02,-1.299965483e-03,8.253258366e-02,8.252234519e-02,0.000000000e+00,8.252234519e-02
350,55,6.663870595e-02,-1.229525847e-03,6.663870595e-02,6.662736222e-02,0.000000000e+00,6.662736222e-02
350,60,5.480343318e-02,-1.155560456e-03,5.480343318e-02,5.479124902e-02,0.000000000e+00,5.479124902e-02
350,65,4.584031335e-02,-1.080202522e-03,4.584031335e-02,4.582758438e-02,0.000000000e+00,4.582758438e-02
350,70,3.895036160e-02,-1.004354977e-03,3.895036160e-02,3.893741054e-02,0.000000000e+00,3.893741054e-02
350,75,3.358456452e-02,-9.284777131e-04,3.358456452e-02,3.357172774e-02,0.000000000e+00,3.357172774e-02
350,80,2.935864404e-02,-8.529300081e-04,2.935864404e-02,2.934625172e-02,0.000000000e+00,2.934625172e-02
350,85,2.599901538e-02,-7.781114416e-04,2.599901538e-02,2.598736892e-02,0.000000000e+00,2.598736892e-02
350,90,2.330781380e-02,-7.045057296e-04,2.330781380e-02,2.329716412e-02,0.000000000e+00,2.329716412e-02
350,95,2.113982506e-02,-6.326697590e-04,2.113982506e-02,2.113035571e-02,0.000000000e+00,2.113035571e-02
350,100,1.938698961e-02,-5.631893144e-04,1.938698961e-02,1.937880759e-02,0.000000000e+00,1.937880759e-02
350,105,1.796781041e-02,-4.966170145e-04,1.796781041e-02,1.796094603e-02,0.000000000e+00,1.796094603e-02
350,110,1.681998715e-02,-4.334055777e-04,1.681998715e-02,1.681440238e-02,0.000000000e+00,1.681440238e-02
350,115,1.589520608e-02,-3.738486462e-04,1.589520608e-02,1.589080909e-02,0.000000000e+00,1.589080909e-02
350,120,1.515539176e-02,-3.180439614e-04,1.515539176e-02,1.515205424e-02,0.000000000e+00,1.515205424e-02
350,125,1.456996745e-02,-2.659007473e-04,1.456996745e-02,1.456754092e-02,0.000000000e+00,1.456754092e-02
350,130,1.411382659e-02,-2.172193652e-04,1.411382659e-02,1.411215493e-02,0.000000000e+00,1.411215493e-02
350,135,1.376582269e-02,-1.718619589e-04,1.376582269e-02,1.376474983e-02,0.000000000e+00,1.376474983e-02
350,140,1.350765560e-02,-1.299906953e-04,1.350765560e-02,1.350703010e-02,0.000000000e+00,1.350703010e-02
350,145,1.332308103e-02,-9.227565098e-05,1.332308103e-02,1.332276147e-02,0.000000000e+00,1.332276147e-02
350,150,1.319740132e-02,-5.990822959e-05,1.319740132e-02,1.319726535e-02,0.000000000e+00,1.319726535e-02
350,155,1.311721183e-02,-3.427582919e-05,1.311721183e-02,1.311716705e-02,0.000000000e+00,1.311716705e-02
350,160,1.307037932e-02,-1.631773888e-05,1.307037932e-02,1.307036913e-02,0.000000000e+00,1.307036913e-02
350,165,1.304621809e-02,-5.843173524e-06,1.304621809e-02,1.304621678e-02,0.000000000e+00,1.304621678e-02
350,170,1.303581021e-02,-1.265552915e-06,1.303581021e-02,1.303581015e-02,0.000000000e+00,1.303581015e-02
350,175,1.303239472e-02,-8.371591520e-08,1.303239472e-02,1.303239472e-02,0.000000000e+00,1.303239472e-02
350,180,1.303173734e-02,-0.000000000e+00,1.303173734e-02,1.303173734e-02,0.000000000e+00,1.303173734e-02
375,0,2.420314854e+00,-0.000000000e+00,2.420314854e+00,2.420314854e+00,0.000000000e+00,2.420314854e+00
375,5,1.948562973e+00,-2.050374765e-05,1.948562973e+00,1.948562973e+00,0.000000000e+00,1.948562973e+00
375,10,1.226634015e+00,-1.880431388e-04,1.226634015e+00,1.226634001e+00,0.000000000e+00,1.226634001e+00
375,15,7.603215117e-01,-5.079597794e-04,7.603215117e-01,7.603213420e-01,0.000000000e+00,7.603213420e-01
375,20,4.960584947e-01,-8.604128118e-04,4.960584947e-01,4.960577485e-01,0.000000000e+00,4.960577485e-01
375,25,3.400003338e-01,-1.142567719e-03,3.400003338e-01,3.399984140e-01,0.000000000e+00,3.399984140e-01
375,30,2.423098596e-01,-1.312603175e-03,2.423098596e-01,2.423063043e-01,0.000000000e+00,2.423063043e-01
375,35,1.782762073e-01,-1.380861154e-03,1.782762073e-01,1.782708594e-01,0.000000000e+00,1.782708594e-01
375,40,1.348011644e-01,-1.379446692e-03,1.348011644e-01,1.347941062e-01,0.000000000e+00,1.347941062e-01
375,45,1.044311732e-01,-1.338670823e-03,1.044311732e-01,1.044225928e-01,0.000000000e+00,1.044225928e-01
375,50,8.269393473e-02,-1.278567042e-03,8.269393473e-02,8.268404990e-02,0.000000000e+00,8.268404990e-02
375,55,6.680021895e-02,-1.209852599e-03,6.680021895e-02,6.678926192e-02,0.000000000e+00,6.678926192e-02
375,60,5.495723035e-02,-1.137504730e-03,5.495723035e-02,5.494545705e-02,0.000000000e+00,5.494545705e-02
375,65,4.598314170e-02,-1.063652383e-03,4.598314170e-02,4.597083820e-02,0.000000000e+00,4.597083820e-02
375,70,3.908135881e-02,-9.892108368e-04,3.908135881e-02,3.906883757e-02,0.000000000e+00,3.906883757e-02
375,75,3.370405149e-02,-9.146550567e-04,3.370405149e-02,3.369163832e-02,0.000000000e+00,3.369163832e-02
375,80,2.946748044e-02,-8.403570983e-04,2.946748044e-02,2.945549531e-02,0.000000000e+00,2.945549531e-02
375,85,2.609826155e-02,-7.667255710e-04,2.609826155e-02,2.608699653e-02,0.000000000e+00,2.608699653e-02
375,90,2.339855840e-02,-6.942494726e-04,2.339855840e-02,2.338825673e-02,0.000000000e+00,2.338825673e-02
375,95,2.122310210e-02,-6.234878841e-04,2.122310210e-02,2.121394177e-02,0.000000000e+00,2.121394177e-02
375,100,1.946374309e-02,-5.550266803e-04,1.946374309e-02,1.945582793e-02,0.000000000e+00,1.945582793e-02
375,105,1.803888380e-02,-4.894175824e-04,1.803888380e-02,1.803224332e-02,0.000000000e+00,1.803224332e-02
375,110,1.688612538e-02,-4.271125315e-04,1.688612538e-02,1.688072288e-02,0.000000000e+00,1.688072288e-02
375,115,1.595706329e-02,-3.684054828e-04,1.595706329e-02,1.595280998e-02,0.000000000e+00,1.595280998e-02
375,120,1.521354138e-02,-3.133962351e-04,1.521354138e-02,1.521031309e-02,0.000000000e+00,1.521031309e-02
375,125,1.462491260e-02,-2.619978478e-04,1.462491260e-02,1.462256563e-02,0.000000000e+00,1.462256563e-02
375,130,1.416601004e-02,-2.140152772e-04,1.416601004e-02,1.416439331e-02,0.000000000e+00,1.416439331e-02
375,135,1.381563589e-02,-1.693136348e-04,1.381563589e-02,1.381459837e-02,0.000000000e+00,1.381459837e-02
375,140,1.355544678e-02,-1.280529512e-04,1.355544678e-02,1.355484194e-02,0.000000000e+00,1.355484194e-02
375,145,1.336916226e-02,-9.089293155e-05,1.336916226e-02,1.336885328e-02,0.000000000e+00,1.336885328e-02
375,150,1.324205474e-02,-5.900609970e-05,1.324205474e-02,1.324192327e-02,0.000000000e+00,1.324192327e-02
375,155,1.316069505e-02,-3.375737995e-05,1.316069505e-02,1.316065176e-02,0.000000000e+00,1.316065176e-02
375,160,1.311293024e-02,-1.606996779e-05,1.311293024e-02,1.311292039e-02,0.000000000e+00,1.311292039e-02
375,165,1.308805917e-02,-5.754172368e-06,1.308805917e-02,1.308805790e-02,0.000000000e+00,1.308805790e-02
375,170,1.307715229e-02,-1.246232087e-06,1.307715229e-02,1.307715223e-02,0.000000000e+00,1.307715223e-02
375,175,1.307344057e-02,-8.243604907e-08,1.307344057e-02,1.307344057e-02,0.000000000e+00,1.307344057e-02
375,180,1.307268497e-02,-0.000000000e+00,1.307268497e-02,1.307268497e-02,0.000000000e+00,1.307268497e-02
400,0,2.419885575e+00,-0.000000000e+00,2.419885575e+00,2.419885575e+00,0.000000000e+00,2.419885575e+00
400,5,1.947122368e+00,-2.010496082e-05,1.947122368e+00,1.947122368e+00,0.000000000e+00,1.947122368e+00
400,10,1.224347740e+00,-1.841782978e-04,1.224347740e+00,1.224347726e+00,0.000000000e+00,1.224347726e+00
400,15,7.583774380e-01,-4.971742588e-04,7.583774380e-01,7.583772750e-01,0.000000000e+00,7.583772750e-01
400,20,4.948342600e-01,-8.422187797e-04,4.948342600e-01,4.948335433e-01,0.000000000e+00,4.948335433e-01
400,25,3.393751025e-01,-1.119112553e-03,3.393751025e-01,3.393732573e-01,0.000000000e+00,3.393732573e-01
400,30,2.420694782e-01,-1.286748236e-03,2.420694782e-01,2.420660582e-01,0.000000000e+00,2.420660582e-01
400,35,1.782530878e-01,-1.354830206e-03,1.782530878e-01,1.782479389e-01,0.000000000e+00,1.782479389e-01
400,40,1.348895203e-01,-1.354505184e-03,1.348895203e-01,1.348827195e-01,0.000000000e+00,1.348827195e-01
400,45,1.045703914e-01,-1.315356748e-03,1.045703914e-01,1.045621183e-01,0.000000000e+00,1.045621183e-01
400,50,8.285122192e-02,-1.257013521e-03,8.285122192e-02,8.284168571e-02,0.000000000e+00,8.284168571e-02
400,55,6.695868758e-02,-1.190015701e-03,6.695868758e-02,6.694811204e-02,0.000000000e+00,6.694811204e-02
400,60,5.510874056e-02,-1.119283348e-03,5.510874056e-02,5.509737281e-02,0.000000000e+00,5.509737281e-02
400,65,4.612423970e-02,-1.046939247e-03,4.612423970e-02,4.611235632e-02,0.000000000e+00,4.611235632e-02
400,70,3.921103427e-02,-9.739096992e-04,3.921103427e-02,3.919893760e-02,0.000000000e+00,3.919893760e-02
400,75,3.382251794e-02,-9.006837947e-04,3.382251794e-02,3.381052334e-02,0.000000000e+00,3.381052334e-02
400,80,2.957552001e-02,-8.276456581e-04,2.957552001e-02,2.956393726e-02,0.000000000e+00,2.956393726e-02
400,85,2.619687839e-02,-7.552123709e-04,2.619687839e-02,2.618599037e-02,0.000000000e+00,2.618599037e-02
400,90,2.348880028e-02,-6.838777523e-04,2.348880028e-02,2.347884260e-02,0.000000000e+00,2.347884260e-02
400,95,2.130597303e-02,-6.142026857e-04,2.130597303e-02,2.129711816e-02,0.000000000e+00,2.129711816e-02
400,100,1.954016486e-02,-5.467728019e-04,1.954016486e-02,1.953251347e-02,0.000000000e+00,1.953251347e-02
400,105,1.810968328e-02,-4.821386466e-04,1.810968328e-02,1.810326410e-02,0.000000000e+00,1.810326410e-02
400,110,1.695203496e-02,-4.207511647e-04,1.695203496e-02,1.694681262e-02,0.000000000e+00,1.694681262e-02
400,115,1.601872760e-02,-3.629044692e-04,1.601872760e-02,1.601461627e-02,0.000000000e+00,1.601461627e-02
400,120,1.527152650e-02,-3.087003257e-04,1.527152650e-02,1.526840613e-02,0.000000000e+00,1.526840613e-02
400,125,1.467971594e-02,-2.580555946e-04,1.467971594e-02,1.467744757e-02,0.000000000e+00,1.467744757e-02
400,130,1.421806988e-02,-2.107798340e-04,1.421806988e-02,1.421650741e-02,0.000000000e+00,1.421650741e-02
400,135,1.386534014e-02,-1.667411396e-04,1.386534014e-02,1.386433751e-02,0.000000000e+00,1.386433751e-02
400,140,1.360314081e-02,-1.260974001e-04,1.360314081e-02,1.360255635e-02,0.000000000e+00,1.360255635e-02
400,145,1.341515582e-02,-8.949789505e-05,1.341515582e-02,1.341485728e-02,0.000000000e+00,1.341485728e-02
400,150,1.328662805e-02,-5.809616840e-05,1.328662805e-02,1.328650104e-02,0.000000000e+00,1.328650104e-02
400,155,1.320410414e-02,-3.323456735e-05,1.320410414e-02,1.320406231e-02,0.000000000e+00,1.320406231e-02
400,160,1.315541164e-02,-1.582016033e-05,1.315541164e-02,1.315540213e-02,0.000000000e+00,1.315540213e-02
400,165,1.312983415e-02,-5.664453821e-06,1.312983415e-02,1.312983292e-02,0.000000000e+00,1.312983292e-02
400,170,1.311843062e-02,-1.226757759e-06,1.311843062e-02,1.311843056e-02,0.000000000e+00,1.311843056e-02
400,175,1.311442405e-02,-8.114610482e-08,1.311442405e-02,1.311442405e-02,0.000000000e+00,1.311442405e-02
400,180,1.311357069e-02,-0.000000000e+00,1.311357069e-02,1.311357069e-02,0.000000000e+00,1.311357069e-02
425,0,2.422173722e+00,-0.000000000e+00,2.422173722e+00,2.422173722e+00,0.000000000e+00,2.422173722e+00
425,5,1.948119463e+00,-1.973143178e-05,1.948119463e+00,1.948119463e+00,0.000000000e+00,1.948119463e+00
425,10,1.223842323e+00,-1.805893641e-04,1.223842323e+00,1.223842310e+00,0.000000000e+00,1.223842310e+00
425,15,7.575192941e-01,-4.871357014e-04,7.575192941e-01,7.575191375e-01,0.000000000e+00,7.575191375e-01
425,20,4.941676036e-01,-8.250351679e-04,4.941676036e-01,4.941669149e-01,0.000000000e+00,4.941669149e-01
425,25,3.389757224e-01,-1.096466618e-03,3.389757224e-01,3.389739491e-01,0.000000000e+00,3.389739491e-01
425,30,2.418711068e-01,-1.261161108e-03,2.418711068e-01,2.418678188e-01,0.000000000e+00,2.418678188e-01
425,35,1.781798937e-01,-1.328432629e-03,1.781798937e-01,1.781749415e-01,0.000000000e+00,1.781749415e-01
425,40,1.348870819e-01,-1.328635494e-03,1.348870819e-01,1.348805382e-01,0.000000000e+00,1.348805382e-01
425,45,1.046050187e-01,-1.290685333e-03,1.046050187e-01,1.045970557e-01,0.000000000e+00,1.045970557e-01
425,50,8.290343837e-02,-1.233805222e-03,8.290343837e-02,8.289425685e-02,0.000000000e+00,8.289425685e-02
425,55,6.701769096e-02,-1.168337319e-03,6.701769096e-02,6.700750622e-02,0.000000000e+00,6.700750622e-02
425,60,5.516875765e-02,-1.099121722e-03,5.516875765e-02,5.515780772e-02,0.000000000e+00,5.515780772e-02
425,65,4.618233678e-02,-1.028255862e-03,4.618233678e-02,4.617088823e-02,0.000000000e+00,4.617088823e-02
425,70,3.926585277e-02,-9.566618533e-04,3.926585277e-02,3.925419713e-02,0.000000000e+00,3.925419713e-02
425,75,3.387355728e-02,-8.848308379e-04,3.387355728e-02,3.386199872e-02,0.000000000e+00,3.386199872e-02
425,80,2.962273449e-02,-8.131491787e-04,2.962273449e-02,2.961157184e-02,0.000000000e+00,2.961157184e-02
425,85,2.624045206e-02,-7.420341517e-04,2.624045206e-02,2.622995825e-02,0.000000000e+00,2.622995825e-02
425,90,2.352902234e-02,-6.719772226e-04,2.352902234e-02,2.351942472e-02,0.000000000e+00,2.351942472e-02
425,95,2.134316996e-02,-6.035347640e-04,2.134316996e-02,2.133463498e-02,0.000000000e+00,2.133463498e-02
425,100,1.957466451e-02,-5.372866342e-04,1.957466451e-02,1.956728938e-02,0.000000000e+00,1.956728938e-02
425,105,1.814179691e-02,-4.737774871e-04,1.814179691e-02,1.813560945e-02,0.000000000e+00,1.813560945e-02
425,110,1.698204931e-02,-4.134534449e-04,1.698204931e-02,1.697701549e-02,0.000000000e+00,1.697701549e-02
425,115,1.604690240e-02,-3.566059142e-04,1.604690240e-02,1.604293953e-02,0.000000000e+00,1.604293953e-02
425,120,1.529809493e-02,-3.033367429e-04,1.529809493e-02,1.529508729e-02,0.000000000e+00,1.529508729e-02
425,125,1.470488648e-02,-2.535655993e-04,1.470488648e-02,1.470270013e-02,0.000000000e+00,1.470270013e-02
425,130,1.424202884e-02,-2.071062974e-04,1.424202884e-02,1.424052290e-02,0.000000000e+00,1.424052290e-02
425,135,1.388825434e-02,-1.638298102e-04,1.388825434e-02,1.388728801e-02,0.000000000e+00,1.388728801e-02
425,140,1.362516020e-02,-1.238915213e-04,1.362516020e-02,1.362459693e-02,0.000000000e+00,1.362459693e-02
425,145,1.343641604e-02,-8.792929113e-05,1.343641604e-02,1.343612832e-02,0.000000000e+00,1.343612832e-02
425,150,1.330725262e-02,-5.707608082e-05,1.330725262e-02,1.330713021e-02,0.000000000e+00,1.330713021e-02
425,155,1.322420659e-02,-3.265004197e-05,1.322420659e-02,1.322416629e-02,0.000000000e+00,1.322416629e-02
425,160,1.317509739e-02,-1.554151324e-05,1.317509739e-02,1.317508823e-02,0.000000000e+00,1.317508823e-02
425,165,1.314920219e-02,-5.564565176e-06,1.314920219e-02,1.314920101e-02,0.000000000e+00,1.314920101e-02
425,170,1.313757509e-02,-1.205105787e-06,1.313757509e-02,1.313757504e-02,0.000000000e+00,1.313757504e-02
425,175,1.313343572e-02,-7.971312550e-08,1.313343572e-02,1.313343572e-02,0.000000000e+00,1.313343572e-02
425,180,1.313253831e-02,-0.000000000e+00,1.313253831e-02,1.313253831e-02,0.000000000e+00,1.313253831e-02
450,0,2.428135932e+00,-0.000000000e+00,2.428135932e+00,2.428135932e+00,0.000000000e+00,2.428135932e+00
450,5,1.952421836e+00,-1.939033598e-05,1.952421836e+00,1.952421836e+00,0.000000000e+00,1.952421836e+00
450,10,1.225770853e+00,-1.773554971e-04,1.225770853e+00,1.225770840e+00,0.000000000e+00,1.225770840e+00
450,15,7.581632546e-01,-4.780657773e-04,7.581632546e-01,7.581631038e-01,0.000000000e+00,7.581631038e-01
450,20,4.942851330e-01,-8.091786235e-04,4.942851330e-01,4.942844706e-01,0.000000000e+00,4.942844706e-01
450,25,3.389033201e-01,-1.074908026e-03,3.389033201e-01,3.389016155e-01,0.000000000e+00,3.389016155e-01
450,30,2.417424999e-01,-1.235970910e-03,2.417424999e-01,2.417393402e-01,0.000000000e+00,2.417393402e-01
450,35,1.780453825e-01,-1.301608022e-03,1.780453825e-01,1.780406247e-01,0.000000000e+00,1.780406247e-01
450,40,1.347639007e-01,-1.301600561e-03,1.347639007e-01,1.347576149e-01,0.000000000e+00,1.347576149e-01
450,45,1.044975860e-01,-1.264278564e-03,1.044975860e-01,1.044899377e-01,0.000000000e+00,1.044899377e-01
450,50,8.281143812e-02,-1.208462145e-03,8.281143812e-02,8.280262015e-02,0.000000000e+00,8.280262015e-02
450,55,6.693927839e-02,-1.144269910e-03,6.693927839e-02,6.692949751e-02,0.000000000e+00,6.692949751e-02
450,60,5.510179991e-02,-1.076433078e-03,5.510179991e-02,5.509128466e-02,0.000000000e+00,5.509128466e-02
450,65,4.612485956e-02,-1.006998932e-03,4.612485956e-02,4.611386584e-02,0.000000000e+00,4.611386584e-02
450,70,3.921616943e-02,-9.368655212e-04,3.921616943e-02,3.920497708e-02,0.000000000e+00,3.920497708e-02
450,75,3.383027620e-02,-8.665101402e-04,3.383027620e-02,3.381917722e-02,0.000000000e+00,3.381917722e-02
450,80,2.958472474e-02,-7.963083642e-04,2.958472474e-02,2.957400600e-02,0.000000000e+00,2.957400600e-02
450,85,2.620679950e-02,-7.266666522e-04,2.620679950e-02,2.619672300e-02,0.000000000e+00,2.619672300e-02
450,90,2.349898807e-02,-6.580645469e-04,2.349898807e-02,2.348977206e-02,0.000000000e+00,2.348977206e-02
450,95,2.131615489e-02,-5.910454769e-04,2.131615489e-02,2.130795918e-02,0.000000000e+00,2.130795918e-02
450,100,1.955018054e-02,-5.261761328e-04,1.955018054e-02,1.954309847e-02,0.000000000e+00,1.954309847e-02
450,105,1.811944396e-02,-4.639889611e-04,1.811944396e-02,1.811350225e-02,0.000000000e+00,1.811350225e-02
450,110,1.696149722e-02,-4.049201282e-04,1.696149722e-02,1.695666323e-02,0.000000000e+00,1.695666323e-02
450,115,1.602787673e-02,-3.492544808e-04,1.602787673e-02,1.602407107e-02,0.000000000e+00,1.602407107e-02
450,120,1.528036575e-02,-2.970913999e-04,1.528036575e-02,1.527747735e-02,0.000000000e+00,1.527747735e-02
450,125,1.468825962e-02,-2.483519991e-04,1.468825962e-02,1.468615988e-02,0.000000000e+00,1.468615988e-02
450,130,1.422633887e-02,-2.028538505e-04,1.422633887e-02,1.422489254e-02,0.000000000e+00,1.422489254e-02
450,135,1.387335904e-02,-1.604706293e-04,1.387335904e-02,1.387243094e-02,0.000000000e+00,1.387243094e-02
450,140,1.361093612e-02,-1.213547073e-04,1.361093612e-02,1.361039511e-02,0.000000000e+00,1.361039511e-02
450,145,1.342275482e-02,-8.613119044e-05,1.342275482e-02,1.342247848e-02,0.000000000e+00,1.342247848e-02
450,150,1.329405813e-02,-5.591032017e-05,1.329405813e-02,1.329394056e-02,0.000000000e+00,1.329394056e-02
450,155,1.321139242e-02,-3.198389671e-05,1.321139242e-02,1.321135371e-02,0.000000000e+00,1.321135371e-02
450,160,1.316258482e-02,-1.522472000e-05,1.316258482e-02,1.316257601e-02,0.000000000e+00,1.316257601e-02
450,165,1.313691841e-02,-5.451223594e-06,1.313691841e-02,1.313691728e-02,0.000000000e+00,1.313691728e-02
450,170,1.312545174e-02,-1.180573098e-06,1.312545174e-02,1.312545168e-02,0.000000000e+00,1.312545168e-02
450,175,1.312140743e-02,-7.809092528e-08,1.312140743e-02,1.312140743e-02,0.000000000e+00,1.312140743e-02
450,180,1.312054151e-02,-0.000000000e+00,1.312054151e-02,1.312054151e-02,0.000000000e+00,1.312054151e-02
475,0,2.434098142e+00,-0.000000000e+00,2.434098142e+00,2.434098142e+00,0.000000000e+00,2.434098142e+00
475,5,1.956724210e+00,-1.904754485e-05,1.956724210e+00,1.956724210e+00,0.000000000e+00,1.956724210e+00
475,10,1.227699383e+00,-1.741105589e-04,1.227699383e+00,1.227699371e+00,0.000000000e+00,1.227699371e+00
475,15,7.588072150e-01,-4.689797422e-04,7.588072150e-01,7.588070701e-01,0.000000000e+00,7.588070701e-01
475,20,4.944026623e-01,-7.933144452e-04,4.944026623e-01,4.944020259e-01,0.000000000e+00,4.944020259e-01
475,25,3.388309178e-01,-1.053358545e-03,3.388309178e-01,3.388292805e-01,0.000000000e+00,3.388292805e-01
475,30,2.416138929e-01,-1.210806800e-03,2.416138929e-01,2.416108590e-01,0.000000000e+00,2.416108590e-01
475,35,1.779108713e-01,-1.274822431e-03,1.779108713e-01,1.779063038e-01,0.000000000e+00,1.779063038e-01
475,40,1.346407196e-01,-1.274612832e-03,1.346407196e-01,1.346346862e-01,0.000000000e+00,1.346346862e-01
475,45,1.043901533e-01,-1.237923365e-03,1.043901533e-01,1.043828130e-01,0.000000000e+00,1.043828130e-01
475,50,8.271943787e-02,-1.183172336e-03,8.271943787e-02,8.271097573e-02,0.000000000e+00,8.271097573e-02
475,55,6.686086581e-02,-1.120255684e-03,6.686086581e-02,6.685148019e-02,0.000000000e+00,6.685148019e-02
475,60,5.503484217e-02,-1.053796333e-03,5.503484217e-02,5.502475231e-02,0.000000000e+00,5.502475231e-02
475,65,4.606738235e-02,-9.857917898e-04,4.606738235e-02,4.605683370e-02,0.000000000e+00,4.605683370e-02
475,70,3.916648610e-02,-9.171162822e-04,3.916648610e-02,3.915574710e-02,0.000000000e+00,3.915574710e-02
475,75,3.378699512e-02,-8.482334273e-04,3.378699512e-02,3.377634585e-02,0.000000000e+00,3.377634585e-02
475,80,2.954671499e-02,-7.795081420e-04,2.954671499e-02,2.953643062e-02,0.000000000e+00,2.953643062e-02
475,85,2.617314694e-02,-7.113361759e-04,2.617314694e-02,2.616347878e-02,0.000000000e+00,2.616347878e-02
475,90,2.346895380e-02,-6.441852425e-04,2.346895380e-02,2.346011121e-02,0.000000000e+00,2.346011121e-02
475,95,2.128913982e-02,-5.785859102e-04,2.128913982e-02,2.128127611e-02,0.000000000e+00,2.128127611e-02
475,100,1.952569657e-02,-5.150917770e-04,1.952569657e-02,1.951890128e-02,0.000000000e+00,1.951890128e-02
475,105,1.809709101e-02,-4.542231460e-04,1.809709101e-02,1.809138979e-02,0.000000000e+00,1.809138979e-02
475,110,1.694094514e-02,-3.964062784e-04,1.694094514e-02,1.693630669e-02,0.000000000e+00,1.693630669e-02
475,115,1.600885105e-02,-3.419194965e-04,1.600885105e-02,1.600519925e-02,0.000000000e+00,1.600519925e-02
475,120,1.526263657e-02,-2.908597335e-04,1.526263657e-02,1.525986486e-02,0.000000000e+00,1.525986486e-02
475,125,1.467163275e-02,-2.431495532e-04,1.467163275e-02,1.466961778e-02,0.000000000e+00,1.466961778e-02
475,130,1.421064889e-02,-1.986102802e-04,1.421064889e-02,1.420926092e-02,0.000000000e+00,1.420926092e-02
475,135,1.385846374e-02,-1.571182843e-04,1.385846374e-02,1.385757306e-02,0.000000000e+00,1.385757306e-02
475,140,1.359671203e-02,-1.188229251e-04,1.359671203e-02,1.359619282e-02,0.000000000e+00,1.359619282e-02
475,145,1.340909361e-02,-8.433656787e-05,1.340909361e-02,1.340882839e-02,0.000000000e+00,1.340882839e-02
475,150,1.328086365e-02,-5.474676124e-05,1.328086365e-02,1.328075081e-02,0.000000000e+00,1.328075081e-02
475,155,1.319857826e-02,-3.131898231e-05,1.319857826e-02,1.319854110e-02,0.000000000e+00,1.319854110e-02
475,160,1.315007224e-02,-1.490850099e-05,1.315007224e-02,1.315006379e-02,0.000000000e+00,1.315006379e-02
475,165,1.312463464e-02,-5.338084251e-06,1.312463464e-02,1.312463356e-02,0.000000000e+00,1.312463356e-02
475,170,1.311332838e-02,-1.156083675e-06,1.311332838e-02,1.311332833e-02,0.000000000e+00,1.311332833e-02
475,175,1.310937913e-02,-7.647156533e-08,1.310937913e-02,1.310937913e-02,0.000000000e+00,1.310937913e-02
475,180,1.310854471e-02,-0.000000000e+00,1.310854471e-02,1.310854471e-02,0.000000000e+00,1.310854471e-02
500,0,2.440060352e+00,-0.000000000e+00,2.440060352e+00,2.440060352e+00,0.000000000e+00,2.440060352e+00
500,5,1.961026583e+00,-1.870305838e-05,1.961026583e+00,1.961026583e+00,0.000000000e+00,1.961026583e+00
500,10,1.229627913e+00,-1.708545493e-04,1.229627913e+00,1.229627901e+00,0.000000000e+00,1.229627901e+00
500,15,7.594511755e-01,-4.598775962e-04,7.594511755e-01,7.594510363e-01,0.000000000e+00,7.594510363e-01
500,20,4.945201917e-01,-7.774426329e-04,4.945201917e-01,4.945195806e-01,0.000000000e+00,4.945195806e-01
500,25,3.387585155e-01,-1.031818175e-03,3.387585155e-01,3.387569441e-01,0.000000000e+00,3.387569441e-01
500,30,2.414852860e-01,-1.185668780e-03,2.414852860e-01,2.414823752e-01,0.000000000e+00,2.414823752e-01
500,35,1.777763601e-01,-1.248075857e-03,1.777763601e-01,1.777719790e-01,0.000000000e+00,1.777719790e-01
500,40,1.345175385e-01,-1.247672308e-03,1.345175385e-01,1.345117522e-01,0.000000000e+00,1.345117522e-01
500,45,1.042827206e-01,-1.211619738e-03,1.042827206e-01,1.042756817e-01,0.000000000e+00,1.042756817e-01
500,50,8.262743763e-02,-1.157935795e-03,8.262743763e-02,8.261932361e-02,0.000000000e+00,8.261932361e-02
500,55,6.678245324e-02,-1.096294640e-03,6.678245324e-02,6.677345429e-02,0.000000000e+00,6.677345429e-02
500,60,5.496788444e-02,-1.031211487e-03,5.496788444e-02,5.495821069e-02,0.000000000e+00,5.495821069e-02
500,65,4.600990513e-02,-9.646344355e-04,4.600990513e-02,4.599979185e-02,0.000000000e+00,4.599979185e-02
500,70,3.911680276e-02,-8.974141365e-04,3.911680276e-02,3.910650721e-02,0.000000000e+00,3.910650721e-02
500,75,3.374371403e-02,-8.300006990e-04,3.374371403e-02,3.373350464e-02,0.000000000e+00,3.373350464e-02
500,80,2.950870524e-02,-7.627485122e-04,2.950870524e-02,2.949884573e-02,0.000000000e+00,2.949884573e-02
500,85,2.613949438e-02,-6.960427229e-04,2.613949438e-02,2.613022562e-02,0.000000000e+00,2.613022562e-02
500,90,2.343891953e-02,-6.303393093e-04,2.343891953e-02,2.343044218e-02,0.000000000e+00,2.343044218e-02
500,95,2.126212475e-02,-5.661560639e-04,2.126212475e-02,2.125458577e-02,0.000000000e+00,2.125458577e-02
500,100,1.950121260e-02,-5.040335668e-04,1.950121260e-02,1.949469782e-02,0.000000000e+00,1.949469782e-02
500,105,1.807473806e-02,-4.444800417e-04,1.807473806e-02,1.806927208e-02,0.000000000e+00,1.806927208e-02
500,110,1.692039305e-02,-3.879118955e-04,1.692039305e-02,1.691594589e-02,0.000000000e+00,1.691594589e-02
500,115,1.598982537e-02,-3.346009613e-04,1.598982537e-02,1.598632408e-02,0.000000000e+00,1.598632408e-02
500,120,1.524490739e-02,-2.846417438e-04,1.524490739e-02,1.524224985e-02,0.000000000e+00,1.524224985e-02
500,125,1.465500589e-02,-2.379582616e-04,1.465500589e-02,1.465307385e-02,0.000000000e+00,1.465307385e-02
500,130,1.419495892e-02,-1.943755866e-04,1.419495892e-02,1.419362804e-02,0.000000000e+00,1.419362804e-02
500,135,1.384356845e-02,-1.537727753e-04,1.384356845e-02,1.384271437e-02,0.000000000e+00,1.384271437e-02
500,140,1.358248794e-02,-1.162961747e-04,1.358248794e-02,1.358199005e-02,0.000000000e+00,1.358199005e-02
500,145,1.339543240e-02,-8.254542341e-05,1.339543240e-02,1.339517806e-02,0.000000000e+00,1.339517806e-02
500,150,1.326766916e-02,-5.358540403e-05,1.326766916e-02,1.326756095e-02,0.000000000e+00,1.326756095e-02
500,155,1.318576409e-02,-3.065529877e-05,1.318576409e-02,1.318572845e-02,0.000000000e+00,1.318572845e-02
500,160,1.313755967e-02,-1.459285621e-05,1.313755967e-02,1.313755156e-02,0.000000000e+00,1.313755156e-02
500,165,1.311235087e-02,-5.225147149e-06,1.311235087e-02,1.311234983e-02,0.000000000e+00,1.311234983e-02
500,170,1.310120502e-02,-1.131637516e-06,1.310120502e-02,1.310120498e-02,0.000000000e+00,1.310120498e-02
500,175,1.309735084e-02,-7.485504565e-08,1.309735084e-02,1.309735084e-02,0.000000000e+00,1.309735084e-02
500,180,1.309654791e-02,-0.000000000e+00,1.309654791e-02,1.309654791e-02,0.000000000e+00,1.309654791e-02
525,0,2.446022561e+00,-0.000000000e+00,2.446022561e+00,2.446022561e+00,0.000000000e+00,2.446022561e+00
525,5,1.965328957e+00,-1.835687657e-05,1.965328957e+00,1.965328957e+00,0.000000000e+00,1.965328957e+00
525,10,1.231556442e+00,-1.675874685e-04,1.231556442e+00,1.231556431e+00,0.000000000e+00,1.231556431e+00
525,15,7.600951360e-01,-4.507593393e-04,7.600951360e-01,7.600950024e-01,0.000000000e+00,7.600950024e-01
525,20,4.946377210e-01,-7.615631868e-04,4.946377210e-01,4.946371347e-01,0.000000000e+00,4.946371347e-01
525,25,3.386861132e-01,-1.010286917e-03,3.386861132e-01,3.386846064e-01,0.000000000e+00,3.386846064e-01
525,30,2.413566791e-01,-1.160556848e-03,2.413566791e-01,2.413538888e-01,0.000000000e+00,2.413538888e-01
525,35,1.776418489e-01,-1.221368298e-03,1.776418489e-01,1.776376501e-01,0.000000000e+00,1.776376501e-01
525,40,1.343943574e-01,-1.220778988e-03,1.343943574e-01,1.343888127e-01,0.000000000e+00,1.343888127e-01
525,45,1.041752879e-01,-1.185367683e-03,1.041752879e-01,1.041685438e-01,0.000000000e+00,1.041685438e-01
525,50,8.253543738e-02,-1.132752522e-03,8.253543738e-02,8.252766382e-02,0.000000000e+00,8.252766382e-02
525,55,6.670404066e-02,-1.072386778e-03,6.670404066e-02,6.669541984e-02,0.000000000e+00,6.669541984e-02
525,60,5.490092670e-02,-1.008678540e-03,5.490092670e-02,5.489165984e-02,0.000000000e+00,5.489165984e-02
525,65,4.595242791e-02,-9.435268693e-04,4.595242791e-02,4.594274032e-02,0.000000000e+00,4.594274032e-02
525,70,3.906711942e-02,-8.777590840e-04,3.906711942e-02,3.905725744e-02,0.000000000e+00,3.905725744e-02
525,75,3.370043295e-02,-8.118119554e-04,3.370043295e-02,3.369065363e-02,0.000000000e+00,3.369065363e-02
525,80,2.947069549e-02,-7.460294747e-04,2.947069549e-02,2.946125137e-02,0.000000000e+00,2.946125137e-02
525,85,2.610584183e-02,-6.807862931e-04,2.610584183e-02,2.609696357e-02,0.000000000e+00,2.609696357e-02
525,90,2.340888526e-02,-6.165267473e-04,2.340888526e-02,2.340076502e-02,0.000000000e+00,2.340076502e-02
525,95,2.123510968e-02,-5.537559378e-04,2.123510968e-02,2.122788820e-02,0.000000000e+00,2.122788820e-02
525,100,1.947672863e-02,-4.930015021e-04,1.947672863e-02,1.947048812e-02,0.000000000e+00,1.947048812e-02
525,105,1.805238511e-02,-4.347596482e-04,1.805238511e-02,1.804714915e-02,0.000000000e+00,1.804714915e-02
525,110,1.689984096e-02,-3.794369795e-04,1.689984096e-02,1.689558085e-02,0.000000000e+00,1.689558085e-02
525,115,1.597079970e-02,-3.272988752e-04,1.597079970e-02,1.596744558e-02,0.000000000e+00,1.596744558e-02
525,120,1.522717821e-02,-2.784374308e-04,1.522717821e-02,1.522463231e-02,0.000000000e+00,1.522463231e-02
525,125,1.463837902e-02,-2.327781244e-04,1.463837902e-02,1.463652809e-02,0.000000000e+00,1.463652809e-02
525,130,1.417926895e-02,-1.901497695e-04,1.417926895e-02,1.417799390e-02,0.000000000e+00,1.417799390e-02
525,135,1.382867315e-02,-1.504341022e-04,1.382867315e-02,1.382785488e-02,0.000000000e+00,1.382785488e-02
525,140,1.356826385e-02,-1.137744562e-04,1.356826385e-02,1.356778682e-02,0.000000000e+00,1.356778682e-02
525,145,1.338177118e-02,-8.075775707e-05,1.338177118e-02,1.338152750e-02,0.000000000e+00,1.338152750e-02
525,150,1.325447467e-02,-5.242624855e-05,1.325447467e-02,1.325437099e-02,0.000000000e+00,1.325437099e-02
525,155,1.317294992e-02,-2.999284609e-05,1.317294992e-02,1.317291577e-02,0.000000000e+00,1.317291577e-02
525,160,1.312504709e-02,-1.427778567e-05,1.312504709e-02,1.312503933e-02,0.000000000e+00,1.312503933e-02
525,165,1.310006710e-02,-5.112412287e-06,1.310006710e-02,1.310006610e-02,0.000000000e+00,1.310006610e-02
525,170,1.308908167e-02,-1.107234623e-06,1.308908167e-02,1.308908162e-02,0.000000000e+00,1.308908162e-02
525,175,1.308532255e-02,-7.324136624e-08,1.308532255e-02,1.308532255e-02,0.000000000e+00,1.308532255e-02
525,180,1.308455111e-02,-0.000000000e+00,1.308455111e-02,1.308455111e-02,0.000000000e+00,1.308455111e-02
550,0,2.451984771e+00,-0.000000000e+00,2.451984771e+00,2.451984771e+00,0.000000000e+00,2.451984771e+00
550,5,1.969631331e+00,-1.800899944e-05,1.969631331e+00,1.969631331e+00,0.000000000e+00,1.969631331e+00
550,10,1.233484972e+00,-1.643093165e-04,1.233484972e+00,1.233484961e+00,0.000000000e+00,1.233484961e+00
550,15,7.607390965e-01,-4.416249716e-04,7.607390965e-01,7.607389683e-01,0.000000000e+00,7.607389683e-01
550,20,4.947552504e-01,-7.456761066e-04,4.947552504e-01,4.947546884e-01,0.000000000e+00,4.947546884e-01
550,25,3.386137109e-01,-9.887647699e-04,3.386137109e-01,3.386122673e-01,0.000000000e+00,3.386122673e-01
550,30,2.412280721e-01,-1.135471005e-03,2.412280721e-01,2.412253998e-01,0.000000000e+00,2.412253998e-01
550,35,1.775073377e-01,-1.194699755e-03,1.775073377e-01,1.775033173e-01,0.000000000e+00,1.775033173e-01
550,40,1.342711762e-01,-1.193932872e-03,1.342711762e-01,1.342658679e-01,0.000000000e+00,1.342658679e-01
550,45,1.040678552e-01,-1.159167198e-03,1.040678552e-01,1.040613993e-01,0.000000000e+00,1.040613993e-01
550,50,8.244343713e-02,-1.107622517e-03,8.244343713e-02,8.243599637e-02,0.000000000e+00,8.243599637e-02
550,55,6.662562809e-02,-1.048532099e-03,6.662562809e-02,6.661737685e-02,0.000000000e+00,6.661737685e-02
550,60,5.483396896e-02,-9.861974921e-04,5.483396896e-02,5.482509978e-02,0.000000000e+00,5.482509978e-02
550,65,4.589495070e-02,-9.224690911e-04,4.589495070e-02,4.588567914e-02,0.000000000e+00,4.588567914e-02
550,70,3.901743608e-02,-8.581511247e-04,3.901743608e-02,3.900799783e-02,0.000000000e+00,3.900799783e-02
550,75,3.365715186e-02,-7.936671966e-04,3.365715186e-02,3.364779285e-02,0.000000000e+00,3.364779285e-02
550,80,2.943268574e-02,-7.293510296e-04,2.943268574e-02,2.942364758e-02,0.000000000e+00,2.942364758e-02
550,85,2.607218927e-02,-6.655668867e-04,2.607218927e-02,2.606369264e-02,0.000000000e+00,2.606369264e-02
550,90,2.337885098e-02,-6.027475565e-04,2.337885098e-02,2.337107975e-02,0.000000000e+00,2.337107975e-02
550,95,2.120809461e-02,-5.413855321e-04,2.120809461e-02,2.120118343e-02,0.000000000e+00,2.120118343e-02
550,100,1.945224466e-02,-4.819955829e-04,1.945224466e-02,1.944627221e-02,0.000000000e+00,1.944627221e-02
550,105,1.803003217e-02,-4.250619656e-04,1.803003217e-02,1.802502100e-02,0.000000000e+00,1.802502100e-02
550,110,1.687928888e-02,-3.709815304e-04,1.687928888e-02,1.687521158e-02,0.000000000e+00,1.687521158e-02
550,115,1.595177402e-02,-3.200132381e-04,1.595177402e-02,1.594856376e-02,0.000000000e+00,1.594856376e-02
550,120,1.520944903e-02,-2.722467944e-04,1.520944903e-02,1.520701225e-02,0.000000000e+00,1.520701225e-02
550,125,1.462175215e-02,-2.276091414e-04,1.462175215e-02,1.461998051e-02,0.000000000e+00,1.461998051e-02
550,130,1.416357897e-02,-1.859328291e-04,1.416357897e-02,1.416235850e-02,0.000000000e+00,1.416235850e-02
550,135,1.381377785e-02,-1.471022650e-04,1.381377785e-02,1.381299459e-02,0.000000000e+00,1.381299459e-02
550,140,1.355403976e-02,-1.112577696e-04,1.355403976e-02,1.355358313e-02,0.000000000e+00,1.355358313e-02
550,145,1.336810997e-02,-7.897356883e-05,1.336810997e-02,1.336787670e-02,0.000000000e+00,1.336787670e-02
550,150,1.324128019e-02,-5.126929478e-05,1.324128019e-02,1.324118093e-02,0.000000000e+00,1.324118093e-02
550,155,1.316013575e-02,-2.933162427e-05,1.316013575e-02,1.316010306e-02,0.000000000e+00,1.316010306e-02
550,160,1.311253452e-02,-1.396328937e-05,1.311253452e-02,1.311252708e-02,0.000000000e+00,1.311252708e-02
550,165,1.308778333e-02,-4.999879666e-06,1.308778333e-02,1.308778237e-02,0.000000000e+00,1.308778237e-02
550,170,1.307695831e-02,-1.082874994e-06,1.307695831e-02,1.307695827e-02,0.000000000e+00,1.307695827e-02
550,175,1.307329426e-02,-7.163052710e-08,1.307329426e-02,1.307329426e-02,0.000000000e+00,1.307329426e-02
550,180,1.307255431e-02,-0.000000000e+00,1.307255431e-02,1.307255431e-02,0.000000000e+00,1.307255431e-02
575,0,2.457946981e+00,-0.000000000e+00,2.457946981e+00,2.457946981e+00,0.000000000e+00,2.457946981e+00
575,5,1.973933704e+00,-1.765942696e-05,1.973933704e+00,1.973933704e+00,0.000000000e+00,1.973933704e+00
575,10,1.235413502e+00,-1.610200931e-04,1.235413502e+00,1.235413492e+00,0.000000000e+00,1.235413492e+00
575,15,7.613830570e-01,-4.324744929e-04,7.613830570e-01,7.613829341e-01,0.000000000e+00,7.613829341e-01
575,20,4.948727797e-01,-7.297813926e-04,4.948727797e-01,4.948722416e-01,0.000000000e+00,4.948722416e-01
575,25,3.385413086e-01,-9.672517343e-04,3.385413086e-01,3.385399269e-01,0.000000000e+00,3.385399269e-01
575,30,2.410994652e-01,-1.110411251e-03,2.410994652e-01,2.410969081e-01,0.000000000e+00,2.410969081e-01
575,35,1.773728265e-01,-1.168070229e-03,1.773728265e-01,1.773689804e-01,0.000000000e+00,1.773689804e-01
575,40,1.341479951e-01,-1.167133962e-03,1.341479951e-01,1.341429178e-01,0.000000000e+00,1.341429178e-01
575,45,1.039604225e-01,-1.133018285e-03,1.039604225e-01,1.039542482e-01,0.000000000e+00,1.039542482e-01
575,50,8.235143688e-02,-1.082545780e-03,8.235143688e-02,8.234432130e-02,0.000000000e+00,8.234432130e-02
575,55,6.654721551e-02,-1.024730603e-03,6.654721551e-02,6.653932536e-02,0.000000000e+00,6.653932536e-02
575,60,5.476701122e-02,-9.637683427e-04,5.476701122e-02,5.475853055e-02,0.000000000e+00,5.475853055e-02
575,65,4.583747348e-02,-9.014611010e-04,4.583747348e-02,4.582860835e-02,0.000000000e+00,4.582860835e-02
575,70,3.896775274e-02,-8.385902586e-04,3.896775274e-02,3.895872842e-02,0.000000000e+00,3.895872842e-02
575,75,3.361387078e-02,-7.755664224e-04,3.361387078e-02,3.360492234e-02,0.000000000e+00,3.360492234e-02
575,80,2.939467599e-02,-7.127131769e-04,2.939467599e-02,2.938603437e-02,0.000000000e+00,2.938603437e-02
575,85,2.603853671e-02,-6.503845035e-04,2.603853671e-02,2.603041286e-02,0.000000000e+00,2.603041286e-02
575,90,2.334881671e-02,-5.890017369e-04,2.334881671e-02,2.334138639e-02,0.000000000e+00,2.334138639e-02
575,95,2.118107954e-02,-5.290448467e-04,2.118107954e-02,2.117447147e-02,0.000000000e+00,2.117447147e-02
575,100,1.942776069e-02,-4.710158092e-04,1.942776069e-02,1.942205009e-02,0.000000000e+00,1.942205009e-02
575,105,1.800767922e-02,-4.153869938e-04,1.800767922e-02,1.800288767e-02,0.000000000e+00,1.800288767e-02
575,110,1.685873679e-02,-3.625455482e-04,1.685873679e-02,1.685483809e-02,0.000000000e+00,1.685483809e-02
575,115,1.593274835e-02,-3.127440502e-04,1.593274835e-02,1.592967862e-02,0.000000000e+00,1.592967862e-02
575,120,1.519171985e-02,-2.660698347e-04,1.519171985e-02,1.518938968e-02,0.000000000e+00,1.518938968e-02
575,125,1.460512529e-02,-2.224513128e-04,1.460512529e-02,1.460343111e-02,0.000000000e+00,1.460343111e-02
575,130,1.414788900e-02,-1.817247653e-04,1.414788900e-02,1.414672185e-02,0.000000000e+00,1.414672185e-02
575,135,1.379888255e-02,-1.437772638e-04,1.379888255e-02,1.379813349e-02,0.000000000e+00,1.379813349e-02
575,140,1.353981567e-02,-1.087461148e-04,1.353981567e-02,1.353937896e-02,0.000000000e+00,1.353937896e-02
575,145,1.335444876e-02,-7.719285871e-05,1.335444876e-02,1.335422566e-02,0.000000000e+00,1.335422566e-02
575,150,1.322808570e-02,-5.011454274e-05,1.322808570e-02,1.322799077e-02,0.000000000e+00,1.322799077e-02
575,155,1.314732158e-02,-2.867163330e-05,1.314732158e-02,1.314729032e-02,0.000000000e+00,1.314729032e-02
575,160,1.310002194e-02,-1.364936730e-05,1.310002194e-02,1.310001483e-02,0.000000000e+00,1.310001483e-02
575,165,1.307549955e-02,-4.887549285e-06,1.307549955e-02,1.307549864e-02,0.000000000e+00,1.307549864e-02
575,170,1.306483495e-02,-1.058558631e-06,1.306483495e-02,1.306483491e-02,0.000000000e+00,1.306483491e-02
575,175,1.306126596e-02,-7.002252823e-08,1.306126596e-02,1.306126596e-02,0.000000000e+00,1.306126596e-02
575,180,1.306055751e-02,-0.000000000e+00,1.306055751e-02,1.306055751e-02,0.000000000e+00,1.306055751e-02
600,0,2.463909191e+00,-0.000000000e+00,2.463909191e+00,2.463909191e+00,0.000000000e+00,2.463909191e+00
600,5,1.978236078e+00,-1.753911819e-05,1.978236078e+00,1.978236078e+00,0.000000000e+00,1.978236078e+00
600,10,1.237342032e+00,-1.598244020e-04,1.237342032e+00,1.237342022e+00,0.000000000e+00,1.237342022e+00
600,15,7.620270174e-01,-4.289564985e-04,7.620270174e-01,7.620268967e-01,0.000000000e+00,7.620268967e-01
600,20,4.949903090e-01,-7.234050035e-04,4.949903090e-01,4.949897804e-01,0.000000000e+00,4.949897804e-01
600,25,3.384689063e-01,-9.583678118e-04,3.384689063e-01,3.384675495e-01,0.000000000e+00,3.384675495e-01
600,30,2.409708583e-01,-1.099860799e-03,2.409708583e-01,2.409683482e-01,0.000000000e+00,2.409683482e-01
600,35,1.772383153e-01,-1.156711554e-03,1.772383153e-01,1.772345408e-01,0.000000000e+00,1.772345408e-01
600,40,1.340248140e-01,-1.155599448e-03,1.340248140e-01,1.340198319e-01,0.000000000e+00,1.340198319e-01
600,45,1.038529898e-01,-1.121691630e-03,1.038529898e-01,1.038469321e-01,0.000000000e+00,1.038469321e-01
600,50,8.225943663e-02,-1.071633826e-03,8.225943663e-02,8.225245599e-02,0.000000000e+00,8.225245599e-02
600,55,6.646880294e-02,-1.014339336e-03,6.646880294e-02,6.646106288e-02,0.000000000e+00,6.646106288e-02
600,60,5.470005348e-02,-9.539529580e-04,5.470005348e-02,5.469173451e-02,0.000000000e+00,5.469173451e-02
600,65,4.577999627e-02,-8.922522765e-04,4.577999627e-02,4.577130044e-02,0.000000000e+00,4.577130044e-02
600,70,3.891806941e-02,-8.300061929e-04,3.891806941e-02,3.890921762e-02,0.000000000e+00,3.890921762e-02
600,75,3.357058969e-02,-7.676177958e-04,3.357058969e-02,3.356181245e-02,0.000000000e+00,3.356181245e-02
600,80,2.935666623e-02,-7.054048453e-04,2.935666623e-02,2.934819000e-02,0.000000000e+00,2.934819000e-02
600,85,2.600488415e-02,-6.437157364e-04,2.600488415e-02,2.599691577e-02,0.000000000e+00,2.599691577e-02
600,90,2.331878244e-02,-5.829659140e-04,2.331878244e-02,2.331149427e-02,0.000000000e+00,2.331149427e-02
600,95,2.115406447e-02,-5.236291474e-04,2.115406447e-02,2.114758275e-02,0.000000000e+00,2.114758275e-02
600,100,1.940327672e-02,-4.662012231e-04,1.940327672e-02,1.939767522e-02,0.000000000e+00,1.939767522e-02
600,105,1.798532627e-02,-4.111488326e-04,1.798532627e-02,1.798062617e-02,0.000000000e+00,1.798062617e-02
600,110,1.683818470e-02,-3.588545093e-04,1.683818470e-02,1.683436033e-02,0.000000000e+00,1.683436033e-02
600,115,1.591372267e-02,-3.095677689e-04,1.591372267e-02,1.591071139e-02,0.000000000e+00,1.591071139e-02
600,120,1.517399067e-02,-2.633747291e-04,1.517399067e-02,1.517170480e-02,0.000000000e+00,1.517170480e-02
600,125,1.458849842e-02,-2.202043385e-04,1.458849842e-02,1.458683640e-02,0.000000000e+00,1.458683640e-02
600,130,1.413219902e-02,-1.798944687e-04,1.413219902e-02,1.413105400e-02,0.000000000e+00,1.413105400e-02
600,135,1.378398726e-02,-1.423333763e-04,1.378398726e-02,1.378325237e-02,0.000000000e+00,1.378325237e-02
600,140,1.352559158e-02,-1.076571452e-04,1.352559158e-02,1.352516313e-02,0.000000000e+00,1.352516313e-02
600,145,1.334078754e-02,-7.642196826e-05,1.334078754e-02,1.334056865e-02,0.000000000e+00,1.334056865e-02
600,150,1.321489122e-02,-4.961533828e-05,1.321489122e-02,1.321479807e-02,0.000000000e+00,1.321479807e-02
600,155,1.313450741e-02,-2.838667529e-05,1.313450741e-02,1.313447674e-02,0.000000000e+00,1.313447674e-02
600,160,1.308750937e-02,-1.351397451e-05,1.308750937e-02,1.308750239e-02,0.000000000e+00,1.308750239e-02
600,165,1.306321578e-02,-4.839144075e-06,1.306321578e-02,1.306321488e-02,0.000000000e+00,1.306321488e-02
600,170,1.305271160e-02,-1.048086976e-06,1.305271160e-02,1.305271156e-02,0.000000000e+00,1.305271156e-02
600,175,1.304923767e-02,-6.933032688e-08,1.304923767e-02,1.304923767e-02,0.000000000e+00,1.304923767e-02
600,180,1.304856071e-02,-0.000000000e+00,1.304856071e-02,1.304856071e-02,0.000000000e+00,1.304856071e-02
625,0,2.469871401e+00,-0.000000000e+00,2.469871401e+00,2.469871401e+00,0.000000000e+00,2.469871401e+00
625,5,1.982538451e+00,-1.757726320e-05,1.982538451e+00,1.982538451e+00,0.000000000e+00,1.982538451e+00
625,10,1.239270562e+00,-1.600735054e-04,1.239270562e+00,1.239270551e+00,0.000000000e+00,1.239270551e+00
625,15,7.626709779e-01,-4.293189936e-04,7.626709779e-01,7.626708571e-01,0.000000000e+00,7.626708571e-01
625,20,4.951078384e-01,-7.235767671e-04,4.951078384e-01,4.951073097e-01,0.000000000e+00,4.951073097e-01
625,25,3.383965040e-01,-9.581628061e-04,3.383965040e-01,3.383951475e-01,0.000000000e+00,3.383951475e-01
625,30,2.408422514e-01,-1.099273800e-03,2.408422514e-01,2.408397426e-01,0.000000000e+00,2.408397426e-01
625,35,1.771038042e-01,-1.155833693e-03,1.771038042e-01,1.771000325e-01,0.000000000e+00,1.771000325e-01
625,40,1.339016328e-01,-1.154537345e-03,1.339016328e-01,1.338966554e-01,0.000000000e+00,1.338966554e-01
625,45,1.037455571e-01,-1.120531275e-03,1.037455571e-01,1.037395056e-01,0.000000000e+00,1.037395056e-01
625,50,8.216743638e-02,-1.070435294e-03,8.216743638e-02,8.216046355e-02,0.000000000e+00,8.216046355e-02
625,55,6.639039036e-02,-1.013142730e-03,6.639039036e-02,6.638265944e-02,0.000000000e+00,6.638265944e-02
625,60,5.463309574e-02,-9.527852346e-04,5.463309574e-02,5.462478696e-02,0.000000000e+00,5.462478696e-02
625,65,4.572251905e-02,-8.911320453e-04,4.572251905e-02,4.571383414e-02,0.000000000e+00,4.571383414e-02
625,70,3.886838607e-02,-8.289465957e-04,3.886838607e-02,3.885954558e-02,0.000000000e+00,3.885954558e-02
625,75,3.352730861e-02,-7.666281400e-04,3.352730861e-02,3.351854269e-02,0.000000000e+00,3.351854269e-02
625,80,2.931865648e-02,-7.044915174e-04,2.931865648e-02,2.931019123e-02,0.000000000e+00,2.931019123e-02
625,85,2.597123159e-02,-6.428827128e-04,2.597123159e-02,2.596327352e-02,0.000000000e+00,2.596327352e-02
625,90,2.328874817e-02,-5.822150619e-04,2.328874817e-02,2.328146939e-02,0.000000000e+00,2.328146939e-02
625,95,2.112704940e-02,-5.229604400e-04,2.112704940e-02,2.112057596e-02,0.000000000e+00,2.112057596e-02
625,100,1.937879276e-02,-4.656129485e-04,1.937879276e-02,1.937319832e-02,0.000000000e+00,1.937319832e-02
625,105,1.796297332e-02,-4.106378388e-04,1.796297332e-02,1.795827907e-02,0.000000000e+00,1.795827907e-02
625,110,1.681763262e-02,-3.584165043e-04,1.681763262e-02,1.681381291e-02,0.000000000e+00,1.681381291e-02
625,115,1.589469699e-02,-3.091976647e-04,1.589469699e-02,1.589168932e-02,0.000000000e+00,1.589168932e-02
625,120,1.515626149e-02,-2.630670040e-04,1.515626149e-02,1.515397829e-02,0.000000000e+00,1.515397829e-02
625,125,1.457187155e-02,-2.199533663e-04,1.457187155e-02,1.457021143e-02,0.000000000e+00,1.457021143e-02
625,130,1.411650905e-02,-1.796947447e-04,1.411650905e-02,1.411536530e-02,0.000000000e+00,1.411536530e-02
625,135,1.376909196e-02,-1.421795676e-04,1.376909196e-02,1.376835787e-02,0.000000000e+00,1.376835787e-02
625,140,1.351136749e-02,-1.075439284e-04,1.351136749e-02,1.351093949e-02,0.000000000e+00,1.351093949e-02
625,145,1.332712633e-02,-7.634371076e-05,1.332712633e-02,1.332690766e-02,0.000000000e+00,1.332690766e-02
625,150,1.320169673e-02,-4.956579956e-05,1.320169673e-02,1.320160368e-02,0.000000000e+00,1.320160368e-02
625,155,1.312169324e-02,-2.835898094e-05,1.312169324e-02,1.312166260e-02,0.000000000e+00,1.312166260e-02
625,160,1.307499679e-02,-1.350105421e-05,1.307499679e-02,1.307498982e-02,0.000000000e+00,1.307498982e-02
625,165,1.305093201e-02,-4.834593669e-06,1.305093201e-02,1.305093111e-02,0.000000000e+00,1.305093111e-02
625,170,1.304058824e-02,-1.047113513e-06,1.304058824e-02,1.304058820e-02,0.000000000e+00,1.304058820e-02
625,175,1.303720938e-02,-6.926642081e-08,1.303720938e-02,1.303720938e-02,0.000000000e+00,1.303720938e-02
625,180,1.303656391e-02,-0.000000000e+00,1.303656391e-02,1.303656391e-02,0.000000000e+00,1.303656391e-02
650,0,2.475833610e+00,-0.000000000e+00,2.475833610e+00,2.475833610e+00,0.000000000e+00,2.475833610e+00
650,5,1.986840825e+00,-1.761540821e-05,1.986840825e+00,1.986840825e+00,0.000000000e+00,1.986840825e+00
650,10,1.241199091e+00,-1.603226089e-04,1.241199091e+00,1.241199081e+00,0.000000000e+00,1.241199081e+00
650,15,7.633149384e-01,-4.296814886e-04,7.633149384e-01,7.633148175e-01,0.000000000e+00,7.633148175e-01
650,20,4.952253677e-01,-7.237485306e-04,4.952253677e-01,4.952248389e-01,0.000000000e+00,4.952248389e-01
650,25,3.383241017e-01,-9.579578005e-04,3.383241017e-01,3.383227455e-01,0.000000000e+00,3.383227455e-01
650,30,2.407136444e-01,-1.098686801e-03,2.407136444e-01,2.407111371e-01,0.000000000e+00,2.407111371e-01
650,35,1.769692930e-01,-1.154955832e-03,1.769692930e-01,1.769655241e-01,0.000000000e+00,1.769655241e-01
650,40,1.337784517e-01,-1.153475243e-03,1.337784517e-01,1.337734788e-01,0.000000000e+00,1.337734788e-01
650,45,1.036381244e-01,-1.119370920e-03,1.036381244e-01,1.036320792e-01,0.000000000e+00,1.036320792e-01
650,50,8.207543613e-02,-1.069236761e-03,8.207543613e-02,8.206847110e-02,0.000000000e+00,8.206847110e-02
650,55,6.631197779e-02,-1.011946124e-03,6.631197779e-02,6.630425600e-02,0.000000000e+00,6.630425600e-02
650,60,5.456613800e-02,-9.516175111e-04,5.456613800e-02,5.455783940e-02,0.000000000e+00,5.455783940e-02
650,65,4.566504183e-02,-8.900118142e-04,4.566504183e-02,4.565636784e-02,0.000000000e+00,4.565636784e-02
650,70,3.881870273e-02,-8.278869985e-04,3.881870273e-02,3.880987355e-02,0.000000000e+00,3.880987355e-02
650,75,3.348402752e-02,-7.656384841e-04,3.348402752e-02,3.347527292e-02,0.000000000e+00,3.347527292e-02
650,80,2.928064673e-02,-7.035781895e-04,2.928064673e-02,2.927219245e-02,0.000000000e+00,2.927219245e-02
650,85,2.593757903e-02,-6.420496892e-04,2.593757903e-02,2.592963128e-02,0.000000000e+00,2.592963128e-02
650,90,2.325871390e-02,-5.814642098e-04,2.325871390e-02,2.325144450e-02,0.000000000e+00,2.325144450e-02
650,95,2.110003434e-02,-5.222917327e-04,2.110003434e-02,2.109356917e-02,0.000000000e+00,2.109356917e-02
650,100,1.935430879e-02,-4.650246738e-04,1.935430879e-02,1.934872142e-02,0.000000000e+00,1.934872142e-02
650,105,1.794062037e-02,-4.101268451e-04,1.794062037e-02,1.793593196e-02,0.000000000e+00,1.793593196e-02
650,110,1.679708053e-02,-3.579784993e-04,1.679708053e-02,1.679326549e-02,0.000000000e+00,1.679326549e-02
650,115,1.587567132e-02,-3.088275604e-04,1.587567132e-02,1.587266724e-02,0.000000000e+00,1.587266724e-02
650,120,1.513853231e-02,-2.627592789e-04,1.513853231e-02,1.513625178e-02,0.000000000e+00,1.513625178e-02
650,125,1.455524469e-02,-2.197023941e-04,1.455524469e-02,1.455358646e-02,0.000000000e+00,1.455358646e-02
650,130,1.410081908e-02,-1.794950207e-04,1.410081908e-02,1.409967660e-02,0.000000000e+00,1.409967660e-02
650,135,1.375419666e-02,-1.420257588e-04,1.375419666e-02,1.375346337e-02,0.000000000e+00,1.375346337e-02
650,140,1.349714340e-02,-1.074307116e-04,1.349714340e-02,1.349671585e-02,0.000000000e+00,1.349671585e-02
650,145,1.331346512e-02,-7.626545325e-05,1.331346512e-02,1.331324668e-02,0.000000000e+00,1.331324668e-02
650,150,1.318850224e-02,-4.951626083e-05,1.318850224e-02,1.318840929e-02,0.000000000e+00,1.318840929e-02
650,155,1.310887907e-02,-2.833128659e-05,1.310887907e-02,1.310884846e-02,0.000000000e+00,1.310884846e-02
650,160,1.306248422e-02,-1.348813390e-05,1.306248422e-02,1.306247726e-02,0.000000000e+00,1.306247726e-02
650,165,1.303864824e-02,-4.830043262e-06,1.303864824e-02,1.303864734e-02,0.000000000e+00,1.303864734e-02
650,170,1.302846489e-02,-1.046140050e-06,1.302846489e-02,1.302846484e-02,0.000000000e+00,1.302846484e-02
650,175,1.302518109e-02,-6.920251475e-08,1.302518109e-02,1.302518109e-02,0.000000000e+00,1.302518109e-02
650,180,1.302456711e-02,-0.000000000e+00,1.302456711e-02,1.302456711e-02,0.000000000e+00,1.302456711e-02
675,0,2.481795820e+00,-0.000000000e+00,2.481795820e+00,2.481795820e+00,0.000000000e+00,2.481795820e+00
675,5,1.991143199e+00,-1.765355323e-05,1.991143199e+00,1.991143198e+00,0.000000000e+00,1.991143198e+00
675,10,1.243127621e+00,-1.605717123e-04,1.243127621e+00,1.243127611e+00,0.000000000e+00,1.243127611e+00
675,15,7.639588989e-01,-4.300439837e-04,7.639588989e-01,7.639587778e-01,0.000000000e+00,7.639587778e-01
675,20,4.953428971e-01,-7.239202942e-04,4.953428971e-01,4.953423681e-01,0.000000000e+00,4.953423681e-01
675,25,3.382516994e-01,-9.577527948e-04,3.382516994e-01,3.382503435e-01,0.000000000e+00,3.382503435e-01
675,30,2.405850375e-01,-1.098099802e-03,2.405850375e-01,2.405825315e-01,0.000000000e+00,2.405825315e-01
675,35,1.768347818e-01,-1.154077971e-03,1.768347818e-01,1.768310158e-01,0.000000000e+00,1.768310158e-01
675,40,1.336552706e-01,-1.152413141e-03,1.336552706e-01,1.336503023e-01,0.000000000e+00,1.336503023e-01
675,45,1.035306917e-01,-1.118210564e-03,1.035306917e-01,1.035246528e-01,0.000000000e+00,1.035246528e-01
675,50,8.198343589e-02,-1.068038229e-03,8.198343589e-02,8.197647866e-02,0.000000000e+00,8.197647866e-02
675,55,6.623356521e-02,-1.010749518e-03,6.623356521e-02,6.622585255e-02,0.000000000e+00,6.622585255e-02
675,60,5.449918026e-02,-9.504497877e-04,5.449918026e-02,5.449089185e-02,0.000000000e+00,5.449089185e-02
675,65,4.560756462e-02,-8.888915831e-04,4.560756462e-02,4.559890154e-02,0.000000000e+00,4.559890154e-02
675,70,3.876901939e-02,-8.268274012e-04,3.876901939e-02,3.876020151e-02,0.000000000e+00,3.876020151e-02
675,75,3.344074644e-02,-7.646488282e-04,3.344074644e-02,3.343200315e-02,0.000000000e+00,3.343200315e-02
675,80,2.924263698e-02,-7.026648616e-04,2.924263698e-02,2.923419367e-02,0.000000000e+00,2.923419367e-02
675,85,2.590392647e-02,-6.412166656e-04,2.590392647e-02,2.589598903e-02,0.000000000e+00,2.589598903e-02
675,90,2.322867963e-02,-5.807133577e-04,2.322867963e-02,2.322141962e-02,0.000000000e+00,2.322141962e-02
675,95,2.107301927e-02,-5.216230254e-04,2.107301927e-02,2.106656238e-02,0.000000000e+00,2.106656238e-02
675,100,1.932982482e-02,-4.644363991e-04,1.932982482e-02,1.932424452e-02,0.000000000e+00,1.932424452e-02
675,105,1.791826742e-02,-4.096158514e-04,1.791826742e-02,1.791358485e-02,0.000000000e+00,1.791358485e-02
675,110,1.677652844e-02,-3.575404943e-04,1.677652844e-02,1.677271807e-02,0.000000000e+00,1.677271807e-02
675,115,1.585664564e-02,-3.084574562e-04,1.585664564e-02,1.585364517e-02,0.000000000e+00,1.585364517e-02
675,120,1.512080313e-02,-2.624515537e-04,1.512080313e-02,1.511852527e-02,0.000000000e+00,1.511852527e-02
675,125,1.453861782e-02,-2.194514218e-04,1.453861782e-02,1.453696149e-02,0.000000000e+00,1.453696149e-02
675,130,1.408512910e-02,-1.792952967e-04,1.408512910e-02,1.408398790e-02,0.000000000e+00,1.408398790e-02
675,135,1.373930137e-02,-1.418719501e-04,1.373930137e-02,1.373856886e-02,0.000000000e+00,1.373856886e-02
675,140,1.348291932e-02,-1.073174947e-04,1.348291932e-02,1.348249221e-02,0.000000000e+00,1.348249221e-02
675,145,1.329980391e-02,-7.618719574e-05,1.329980391e-02,1.329958569e-02,0.000000000e+00,1.329958569e-02
675,150,1.317530776e-02,-4.946672210e-05,1.317530776e-02,1.317521490e-02,0.000000000e+00,1.317521490e-02
675,155,1.309606491e-02,-2.830359224e-05,1.309606491e-02,1.309603432e-02,0.000000000e+00,1.309603432e-02
675,160,1.304997164e-02,-1.347521360e-05,1.304997164e-02,1.304996469e-02,0.000000000e+00,1.304996469e-02
675,165,1.302636447e-02,-4.825492856e-06,1.302636447e-02,1.302636357e-02,0.000000000e+00,1.302636357e-02
675,170,1.301634153e-02,-1.045166587e-06,1.301634153e-02,1.301634149e-02,0.000000000e+00,1.301634149e-02
675,175,1.301315280e-02,-6.913860868e-08,1.301315280e-02,1.301315279e-02,0.000000000e+00,1.301315279e-02
675,180,1.301257031e-02,-0.000000000e+00,1.301257031e-02,1.301257031e-02,0.000000000e+00,1.301257031e-02
700,0,2.487758030e+00,-0.000000000e+00,2.487758030e+00,2.487758030e+00,0.000000000e+00,2.487758030e+00
700,5,1.995445572e+00,-1.769169824e-05,1.995445572e+00,1.995445572e+00,0.000000000e+00,1.995445572e+00
700,10,1.245056151e+00,-1.608208157e-04,1.245056151e+00,1.245056141e+00,0.000000000e+00,1.245056141e+00
700,15,7.646028594e-01,-4.304064788e-04,7.646028594e-01,7.646027382e-01,0.000000000e+00,7.646027382e-01
700,20,4.954604264e-01,-7.240920578e-04,4.954604264e-01,4.954598973e-01,0.000000000e+00,4.954598973e-01
700,25,3.381792971e-01,-9.575477892e-04,3.381792971e-01,3.381779415e-01,0.000000000e+00,3.381779415e-01
700,30,2.404564306e-01,-1.097512802e-03,2.404564306e-01,2.404539259e-01,0.000000000e+00,2.404539259e-01
700,35,1.767002706e-01,-1.153200110e-03,1.767002706e-01,1.766965075e-01,0.000000000e+00,1.766965075e-01
700,40,1.335320894e-01,-1.151351039e-03,1.335320894e-01,1.335271257e-01,0.000000000e+00,1.335271257e-01
700,45,1.034232590e-01,-1.117050209e-03,1.034232590e-01,1.034172264e-01,0.000000000e+00,1.034172264e-01
700,50,8.189143564e-02,-1.066839697e-03,8.189143564e-02,8.188448622e-02,0.000000000e+00,8.188448622e-02
700,55,6.615515264e-02,-1.009552913e-03,6.615515264e-02,6.614744911e-02,0.000000000e+00,6.614744911e-02
700,60,5.443222252e-02,-9.492820643e-04,5.443222252e-02,5.442394429e-02,0.000000000e+00,5.442394429e-02
700,65,4.555008740e-02,-8.877713519e-04,4.555008740e-02,4.554143524e-02,0.000000000e+00,4.554143524e-02
700,70,3.871933605e-02,-8.257678040e-04,3.871933605e-02,3.871052947e-02,0.000000000e+00,3.871052947e-02
700,75,3.339746535e-02,-7.636591724e-04,3.339746535e-02,3.338873338e-02,0.000000000e+00,3.338873338e-02
700,80,2.920462723e-02,-7.017515337e-04,2.920462723e-02,2.919619490e-02,0.000000000e+00,2.919619490e-02
700,85,2.587027391e-02,-6.403836420e-04,2.587027391e-02,2.586234678e-02,0.000000000e+00,2.586234678e-02
700,90,2.319864535e-02,-5.799625056e-04,2.319864535e-02,2.319139473e-02,0.000000000e+00,2.319139473e-02
700,95,2.104600420e-02,-5.209543181e-04,2.104600420e-02,2.103955559e-02,0.000000000e+00,2.103955559e-02
700,100,1.930534085e-02,-4.638481244e-04,1.930534085e-02,1.929976762e-02,0.000000000e+00,1.929976762e-02
700,105,1.789591447e-02,-4.091048577e-04,1.789591447e-02,1.789123774e-02,0.000000000e+00,1.789123774e-02
700,110,1.675597636e-02,-3.571024893e-04,1.675597636e-02,1.675217065e-02,0.000000000e+00,1.675217065e-02
700,115,1.583761997e-02,-3.080873520e-04,1.583761997e-02,1.583462309e-02,0.000000000e+00,1.583462309e-02
700,120,1.510307395e-02,-2.621438286e-04,1.510307395e-02,1.510079877e-02,0.000000000e+00,1.510079877e-02
700,125,1.452199096e-02,-2.192004496e-04,1.452199096e-02,1.452033651e-02,0.000000000e+00,1.452033651e-02
700,130,1.406943913e-02,-1.790955727e-04,1.406943913e-02,1.406829919e-02,0.000000000e+00,1.406829919e-02
700,135,1.372440607e-02,-1.417181413e-04,1.372440607e-02,1.372367436e-02,0.000000000e+00,1.372367436e-02
700,140,1.346869523e-02,-1.072042779e-04,1.346869523e-02,1.346826857e-02,0.000000000e+00,1.346826857e-02
700,145,1.328614269e-02,-7.610893823e-05,1.328614269e-02,1.328592470e-02,0.000000000e+00,1.328592470e-02
700,150,1.316211327e-02,-4.941718338e-05,1.316211327e-02,1.316202050e-02,0.000000000e+00,1.316202050e-02
700,155,1.308325074e-02,-2.827589789e-05,1.308325074e-02,1.308322018e-02,0.000000000e+00,1.308322018e-02
700,160,1.303745907e-02,-1.346229329e-05,1.303745907e-02,1.303745212e-02,0.000000000e+00,1.303745212e-02
700,165,1.301408069e-02,-4.820942449e-06,1.301408069e-02,1.301407980e-02,0.000000000e+00,1.301407980e-02
700,170,1.300421817e-02,-1.044193124e-06,1.300421817e-02,1.300421813e-02,0.000000000e+00,1.300421813e-02
700,175,1.300112450e-02,-6.907470262e-08,1.300112450e-02,1.300112450e-02,0.000000000e+00,1.300112450e-02
700,180,1.300057351e-02,-0.000000000e+00,1.300057351e-02,1.300057351e-02,0.000000000e+00,1.300057351e-02
725,0,2.493720240e+00,-0.000000000e+00,2.493720240e+00,2.493720240e+00,0.000000000e+00,2.493720240e+00
725,5,1.999747946e+00,-1.772984325e-05,1.999747946e+00,1.999747946e+00,0.000000000e+00,1.999747946e+00
725,10,1.246984681e+00,-1.610699191e-04,1.246984681e+00,1.246984670e+00,0.000000000e+00,1.246984670e+00
725,15,7.652468198e-01,-4.307689738e-04,7.652468198e-01,7.652466986e-01,0.000000000e+00,7.652466986e-01
725,20,4.955779558e-01,-7.242638214e-04,4.955779558e-01,4.955774265e-01,0.000000000e+00,4.955774265e-01
725,25,3.381068948e-01,-9.573427836e-04,3.381068948e-01,3.381055395e-01,0.000000000e+00,3.381055395e-01
725,30,2.403278236e-01,-1.096925803e-03,2.403278236e-01,2.403253203e-01,0.000000000e+00,2.403253203e-01
725,35,1.765657594e-01,-1.152322248e-03,1.765657594e-01,1.765619992e-01,0.000000000e+00,1.765619992e-01
725,40,1.334089083e-01,-1.150288937e-03,1.334089083e-01,1.334039491e-01,0.000000000e+00,1.334039491e-01
725,45,1.033158264e-01,-1.115889854e-03,1.033158264e-01,1.033097999e-01,0.000000000e+00,1.033097999e-01
725,50,8.179943539e-02,-1.065641165e-03,8.179943539e-02,8.179249378e-02,0.000000000e+00,8.179249378e-02
725,55,6.607674006e-02,-1.008356307e-03,6.607674006e-02,6.606904567e-02,0.000000000e+00,6.606904567e-02
725,60,5.436526478e-02,-9.481143409e-04,5.436526478e-02,5.435699673e-02,0.000000000e+00,5.435699673e-02
725,65,4.549261018e-02,-8.866511208e-04,4.549261018e-02,4.548396895e-02,0.000000000e+00,4.548396895e-02
725,70,3.866965271e-02,-8.247082068e-04,3.866965271e-02,3.866085743e-02,0.000000000e+00,3.866085743e-02
725,75,3.335418427e-02,-7.626695165e-04,3.335418427e-02,3.334546361e-02,0.000000000e+00,3.334546361e-02
725,80,2.916661748e-02,-7.008382058e-04,2.916661748e-02,2.915819612e-02,0.000000000e+00,2.915819612e-02
725,85,2.583662135e-02,-6.395506184e-04,2.583662135e-02,2.582870454e-02,0.000000000e+00,2.582870454e-02
725,90,2.316861108e-02,-5.792116536e-04,2.316861108e-02,2.316136985e-02,0.000000000e+00,2.316136985e-02
725,95,2.101898913e-02,-5.202856108e-04,2.101898913e-02,2.101254879e-02,0.000000000e+00,2.101254879e-02
725,100,1.928085688e-02,-4.632598498e-04,1.928085688e-02,1.927529072e-02,0.000000000e+00,1.927529072e-02
725,105,1.787356152e-02,-4.085938640e-04,1.787356152e-02,1.786889064e-02,0.000000000e+00,1.786889064e-02
725,110,1.673542427e-02,-3.566644843e-04,1.673542427e-02,1.673162323e-02,0.000000000e+00,1.673162323e-02
725,115,1.581859429e-02,-3.077172477e-04,1.581859429e-02,1.581560101e-02,0.000000000e+00,1.581560101e-02
725,120,1.508534477e-02,-2.618361035e-04,1.508534477e-02,1.508307226e-02,0.000000000e+00,1.508307226e-02
725,125,1.450536409e-02,-2.189494774e-04,1.450536409e-02,1.450371154e-02,0.000000000e+00,1.450371154e-02
725,130,1.405374915e-02,-1.788958486e-04,1.405374915e-02,1.405261049e-02,0.000000000e+00,1.405261049e-02
725,135,1.370951077e-02,-1.415643326e-04,1.370951077e-02,1.370877986e-02,0.000000000e+00,1.370877986e-02
725,140,1.345447114e-02,-1.070910610e-04,1.345447114e-02,1.345404493e-02,0.000000000e+00,1.345404493e-02
725,145,1.327248148e-02,-7.603068072e-05,1.327248148e-02,1.327226371e-02,0.000000000e+00,1.327226371e-02
725,150,1.314891878e-02,-4.936764465e-05,1.314891878e-02,1.314882611e-02,0.000000000e+00,1.314882611e-02
725,155,1.307043657e-02,-2.824820354e-05,1.307043657e-02,1.307040604e-02,0.000000000e+00,1.307040604e-02
725,160,1.302494649e-02,-1.344937299e-05,1.302494649e-02,1.302493955e-02,0.000000000e+00,1.302493955e-02
725,165,1.300179692e-02,-4.816392042e-06,1.300179692e-02,1.300179603e-02,0.000000000e+00,1.300179603e-02
725,170,1.299209482e-02,-1.043219661e-06,1.299209482e-02,1.299209477e-02,0.000000000e+00,1.299209477e-02
725,175,1.298909621e-02,-6.901079655e-08,1.298909621e-02,1.298909621e-02,0.000000000e+00,1.298909621e-02
725,180,1.298857671e-02,-0.000000000e+00,1.298857671e-02,1.298857671e-02,0.000000000e+00,1.298857671e-02
750,0,2.499682450e+00,-0.000000000e+00,2.499682450e+00,2.499682450e+00,0.000000000e+00,2.499682450e+00
750,5,2.004050319e+00,-1.776798826e-05,2.004050319e+00,2.004050319e+00,0.000000000e+00,2.004050319e+00
750,10,1.248913211e+00,-1.613190225e-04,1.248913211e+00,1.248913200e+00,0.000000000e+00,1.248913200e+00
750,15,7.658907803e-01,-4.311314689e-04,7.658907803e-01,7.658906590e-01,0.000000000e+00,7.658906590e-01
750,20,4.956954851e-01,-7.244355850e-04,4.956954851e-01,4.956949557e-01,0.000000000e+00,4.956949557e-01
750,25,3.380344925e-01,-9.571377779e-04,3.380344925e-01,3.380331375e-01,0.000000000e+00,3.380331375e-01
750,30,2.401992167e-01,-1.096338804e-03,2.401992167e-01,2.401967147e-01,0.000000000e+00,2.401967147e-01
750,35,1.764312482e-01,-1.151444387e-03,1.764312482e-01,1.764274909e-01,0.000000000e+00,1.764274909e-01
750,40,1.332857272e-01,-1.149226834e-03,1.332857272e-01,1.332807726e-01,0.000000000e+00,1.332807726e-01
750,45,1.032083937e-01,-1.114729499e-03,1.032083937e-01,1.032023735e-01,0.000000000e+00,1.032023735e-01
750,50,8.170743514e-02,-1.064442633e-03,8.170743514e-02,8.170050134e-02,0.000000000e+00,8.170050134e-02
750,55,6.599832749e-02,-1.007159701e-03,6.599832749e-02,6.599064222e-02,0.000000000e+00,6.599064222e-02
750,60,5.429830704e-02,-9.469466174e-04,5.429830704e-02,5.429004918e-02,0.000000000e+00,5.429004918e-02
750,65,4.543513297e-02,-8.855308897e-04,4.543513297e-02,4.542650265e-02,0.000000000e+00,4.542650265e-02
750,70,3.861996938e-02,-8.236486096e-04,3.861996938e-02,3.861118539e-02,0.000000000e+00,3.861118539e-02
750,75,3.331090318e-02,-7.616798606e-04,3.331090318e-02,3.330219384e-02,0.000000000e+00,3.330219384e-02
750,80,2.912860773e-02,-6.999248779e-04,2.912860773e-02,2.912019735e-02,0.000000000e+00,2.912019735e-02
750,85,2.580296879e-02,-6.387175949e-04,2.580296879e-02,2.579506229e-02,0.000000000e+00,2.579506229e-02
750,90,2.313857681e-02,-5.784608015e-04,2.313857681e-02,2.313134497e-02,0.000000000e+00,2.313134497e-02
750,95,2.099197406e-02,-5.196169034e-04,2.099197406e-02,2.098554200e-02,0.000000000e+00,2.098554200e-02
750,100,1.925637291e-02,-4.626715751e-04,1.925637291e-02,1.925081382e-02,0.000000000e+00,1.925081382e-02
750,105,1.785120858e-02,-4.080828702e-04,1.785120858e-02,1.784654353e-02,0.000000000e+00,1.784654353e-02
750,110,1.671487218e-02,-3.562264793e-04,1.671487218e-02,1.671107581e-02,0.000000000e+00,1.671107581e-02
750,115,1.579956862e-02,-3.073471435e-04,1.579956862e-02,1.579657894e-02,0.000000000e+00,1.579657894e-02
750,120,1.506761559e-02,-2.615283784e-04,1.506761559e-02,1.506534575e-02,0.000000000e+00,1.506534575e-02
750,125,1.448873722e-02,-2.186985051e-04,1.448873722e-02,1.448708657e-02,0.000000000e+00,1.448708657e-02
750,130,1.403805918e-02,-1.786961246e-04,1.403805918e-02,1.403692179e-02,0.000000000e+00,1.403692179e-02
750,135,1.369461548e-02,-1.414105238e-04,1.369461548e-02,1.369388535e-02,0.000000000e+00,1.369388535e-02
750,140,1.344024705e-02,-1.069778442e-04,1.344024705e-02,1.343982130e-02,0.000000000e+00,1.343982130e-02
750,145,1.325882027e-02,-7.595242321e-05,1.325882027e-02,1.325860272e-02,0.000000000e+00,1.325860272e-02
750,150,1.313572430e-02,-4.931810592e-05,1.313572430e-02,1.313563172e-02,0.000000000e+00,1.313563172e-02
750,155,1.305762240e-02,-2.822050919e-05,1.305762240e-02,1.305759190e-02,0.000000000e+00,1.305759190e-02
750,160,1.301243392e-02,-1.343645268e-05,1.301243392e-02,1.301242698e-02,0.000000000e+00,1.301242698e-02
750,165,1.298951315e-02,-4.811841636e-06,1.298951315e-02,1.298951226e-02,0.000000000e+00,1.298951226e-02
750,170,1.297997146e-02,-1.042246198e-06,1.297997146e-02,1.297997142e-02,0.000000000e+00,1.297997142e-02
750,175,1.297706792e-02,-6.894689049e-08,1.297706792e-02,1.297706792e-02,0.000000000e+00,1.297706792e-02
750,180,1.297657991e-02,-0.000000000e+00,1.297657991e-02,1.297657991e-02,0.000000000e+00,1.297657991e-02
775,0,2.505644660e+00,-0.000000000e+00,2.505644660e+00,2.505644660e+00,0.000000000e+00,2.505644660e+00
775,5,2.008352693e+00,-1.780613327e-05,2.008352693e+00,2.008352693e+00,0.000000000e+00,2.008352693e+00
775,10,1.250841740e+00,-1.615681259e-04,1.250841740e+00,1.250841730e+00,0.000000000e+00,1.250841730e+00
775,15,7.665347408e-01,-4.314939640e-04,7.665347408e-01,7.665346194e-01,0.000000000e+00,7.665346194e-01
775,20,4.958130144e-01,-7.246073486e-04,4.958130144e-01,4.958124850e-01,0.000000000e+00,4.958124850e-01
775,25,3.379620902e-01,-9.569327723e-04,3.379620902e-01,3.379607355e-01,0.000000000e+00,3.379607355e-01
775,30,2.400706098e-01,-1.095751804e-03,2.400706098e-01,2.400681091e-01,0.000000000e+00,2.400681091e-01
775,35,1.762967370e-01,-1.150566526e-03,1.762967370e-01,1.762929825e-01,0.000000000e+00,1.762929825e-01
775,40,1.331625460e-01,-1.148164732e-03,1.331625460e-01,1.331575960e-01,0.000000000e+00,1.331575960e-01
775,45,1.031009610e-01,-1.113569144e-03,1.031009610e-01,1.030949471e-01,0.000000000e+00,1.030949471e-01
775,50,8.161543489e-02,-1.063244101e-03,8.161543489e-02,8.160850890e-02,0.000000000e+00,8.160850890e-02
775,55,6.591991492e-02,-1.005963095e-03,6.591991492e-02,6.591223878e-02,0.000000000e+00,6.591223878e-02
775,60,5.423134930e-02,-9.457788940e-04,5.423134930e-02,5.422310162e-02,0.000000000e+00,5.422310162e-02
775,65,4.537765575e-02,-8.844106585e-04,4.537765575e-02,4.536903635e-02,0.000000000e+00,4.536903635e-02
775,70,3.857028604e-02,-8.225890123e-04,3.857028604e-02,3.856151336e-02,0.000000000e+00,3.856151336e-02
775,75,3.326762210e-02,-7.606902048e-04,3.326762210e-02,3.325892407e-02,0.000000000e+00,3.325892407e-02
775,80,2.909059798e-02,-6.990115499e-04,2.909059798e-02,2.908219857e-02,0.000000000e+00,2.908219857e-02
775,85,2.576931624e-02,-6.378845713e-04,2.576931624e-02,2.576142004e-02,0.000000000e+00,2.576142004e-02
775,90,2.310854254e-02,-5.777099494e-04,2.310854254e-02,2.310132008e-02,0.000000000e+00,2.310132008e-02
775,95,2.096495899e-02,-5.189481961e-04,2.096495899e-02,2.095853521e-02,0.000000000e+00,2.095853521e-02
775,100,1.923188894e-02,-4.620833004e-04,1.923188894e-02,1.922633692e-02,0.000000000e+00,1.922633692e-02
775,105,1.782885563e-02,-4.075718765e-04,1.782885563e-02,1.782419642e-02,0.000000000e+00,1.782419642e-02
775,110,1.669432010e-02,-3.557884743e-04,1.669432010e-02,1.669052839e-02,0.000000000e+00,1.669052839e-02
775,115,1.578054294e-02,-3.069770393e-04,1.578054294e-02,1.577755686e-02,0.000000000e+00,1.577755686e-02
775,120,1.504988641e-02,-2.612206533e-04,1.504988641e-02,1.504761924e-02,0.000000000e+00,1.504761924e-02
775,125,1.447211036e-02,-2.184475329e-04,1.447211036e-02,1.447046160e-02,0.000000000e+00,1.447046160e-02
775,130,1.402236921e-02,-1.784964006e-04,1.402236921e-02,1.402123308e-02,0.000000000e+00,1.402123308e-02
775,135,1.367972018e-02,-1.412567150e-04,1.367972018e-02,1.367899085e-02,0.000000000e+00,1.367899085e-02
775,140,1.342602296e-02,-1.068646273e-04,1.342602296e-02,1.342559766e-02,0.000000000e+00,1.342559766e-02
775,145,1.324515905e-02,-7.587416571e-05,1.324515905e-02,1.324494173e-02,0.000000000e+00,1.324494173e-02
775,150,1.312252981e-02,-4.926856720e-05,1.312252981e-02,1.312243732e-02,0.000000000e+00,1.312243732e-02
775,155,1.304480823e-02,-2.819281484e-05,1.304480823e-02,1.304477776e-02,0.000000000e+00,1.304477776e-02
775,160,1.299992134e-02,-1.342353237e-05,1.299992134e-02,1.299991441e-02,0.000000000e+00,1.299991441e-02
775,165,1.297722938e-02,-4.807291229e-06,1.297722938e-02,1.297722849e-02,0.000000000e+00,1.297722849e-02
775,170,1.296784810e-02,-1.041272735e-06,1.296784810e-02,1.296784806e-02,0.000000000e+00,1.296784806e-02
775,175,1.296503963e-02,-6.888298442e-08,1.296503963e-02,1.296503963e-02,0.000000000e+00,1.296503963e-02
775,180,1.296458312e-02,-0.000000000e+00,1.296458312e-02,1.296458312e-02,0.000000000e+00,1.296458312e-02
800,0,2.511606869e+00,-0.000000000e+00,2.511606869e+00,2.511606869e+00,0.000000000e+00,2.511606869e+00
800,5,2.012655067e+00,-1.784427829e-05,2.012655067e+00,2.012655066e+00,0.000000000e+00,2.012655066e+00
800,10,1.252770270e+00,-1.618172293e-04,1.252770270e+00,1.252770260e+00,0.000000000e+00,1.252770260e+00
800,15,7.671787013e-01,-4.318564590e-04,7.671787013e-01,7.671785797e-01,0.000000000e+00,7.671785797e-01
800,20,4.959305438e-01,-7.247791122e-04,4.959305438e-01,4.959300142e-01,0.000000000e+00,4.959300142e-01
800,25,3.378896879e-01,-9.567277666e-04,3.378896879e-01,3.378883335e-01,0.000000000e+00,3.378883335e-01
800,30,2.399420028e-01,-1.095164805e-03,2.399420028e-01,2.399395035e-01,0.000000000e+00,2.399395035e-01
800,35,1.761622259e-01,-1.149688665e-03,1.761622259e-01,1.761584742e-01,0.000000000e+00,1.761584742e-01
800,40,1.330393649e-01,-1.147102630e-03,1.330393649e-01,1.330344195e-01,0.000000000e+00,1.330344195e-01
800,45,1.029935283e-01,-1.112408789e-03,1.029935283e-01,1.029875207e-01,0.000000000e+00,1.029875207e-01
800,50,8.152343464e-02,-1.062045569e-03,8.152343464e-02,8.151651646e-02,0.000000000e+00,8.151651646e-02
800,55,6.584150234e-02,-1.004766489e-03,6.584150234e-02,6.583383533e-02,0.000000000e+00,6.583383533e-02
800,60,5.416439156e-02,-9.446111706e-04,5.416439156e-02,5.415615406e-02,0.000000000e+00,5.415615406e-02
800,65,4.532017853e-02,-8.832904274e-04,4.532017853e-02,4.531157005e-02,0.000000000e+00,4.531157005e-02
800,70,3.852060270e-02,-8.215294151e-04,3.852060270e-02,3.851184132e-02,0.000000000e+00,3.851184132e-02
800,75,3.322434101e-02,-7.597005489e-04,3.322434101e-02,3.321565430e-02,0.000000000e+00,3.321565430e-02
800,80,2.905258823e-02,-6.980982220e-04,2.905258823e-02,2.904419979e-02,0.000000000e+00,2.904419979e-02
800,85,2.573566368e-02,-6.370515477e-04,2.573566368e-02,2.572777779e-02,0.000000000e+00,2.572777779e-02
800,90,2.307850827e-02,-5.769590973e-04,2.307850827e-02,2.307129520e-02,0.000000000e+00,2.307129520e-02
800,95,2.093794392e-02,-5.182794888e-04,2.093794392e-02,2.093152842e-02,0.000000000e+00,2.093152842e-02
800,100,1.920740497e-02,-4.614950258e-04,1.920740497e-02,1.920186002e-02,0.000000000e+00,1.920186002e-02
800,105,1.780650268e-02,-4.070608828e-04,1.780650268e-02,1.780184932e-02,0.000000000e+00,1.780184932e-02
800,110,1.667376801e-02,-3.553504693e-04,1.667376801e-02,1.666998098e-02,0.000000000e+00,1.666998098e-02
800,115,1.576151726e-02,-3.066069351e-04,1.576151726e-02,1.575853479e-02,0.000000000e+00,1.575853479e-02
800,120,1.503215723e-02,-2.609129282e-04,1.503215723e-02,1.502989273e-02,0.000000000e+00,1.502989273e-02
800,125,1.445548349e-02,-2.181965606e-04,1.445548349e-02,1.445383663e-02,0.000000000e+00,1.445383663e-02
800,130,1.400667923e-02,-1.782966766e-04,1.400667923e-02,1.400554438e-02,0.000000000e+00,1.400554438e-02
800,135,1.366482488e-02,-1.411029063e-04,1.366482488e-02,1.366409635e-02,0.000000000e+00,1.366409635e-02
800,140,1.341179887e-02,-1.067514105e-04,1.341179887e-02,1.341137402e-02,0.000000000e+00,1.341137402e-02
800,145,1.323149784e-02,-7.579590820e-05,1.323149784e-02,1.323128074e-02,0.000000000e+00,1.323128074e-02
800,150,1.310933533e-02,-4.921902847e-05,1.310933533e-02,1.310924293e-02,0.000000000e+00,1.310924293e-02
800,155,1.303199406e-02,-2.816512049e-05,1.303199406e-02,1.303196363e-02,0.000000000e+00,1.303196363e-02
800,160,1.298740877e-02,-1.341061207e-05,1.298740877e-02,1.298740185e-02,0.000000000e+00,1.298740185e-02
800,165,1.296494560e-02,-4.802740823e-06,1.296494560e-02,1.296494472e-02,0.000000000e+00,1.296494472e-02
800,170,1.295572475e-02,-1.040299272e-06,1.295572475e-02,1.295572470e-02,0.000000000e+00,1.295572470e-02
800,175,1.295301133e-02,-6.881907836e-08,1.295301133e-02,1.295301133e-02,0.000000000e+00,1.295301133e-02
800,180,1.295258632e-02,-0.000000000e+00,1.295258632e-02,1.295258632e-02,0.000000000e+00,1.295258632e-02
