zenith_deg,relative_azimuth_deg,intensity,q,u,dop,aop_deg
3.085892,5.062779,8.213333e+02,3.366811e+02,-1.221352e+02,0.436059,-9.969430
3.229108,14.703974,7.893333e+02,2.361681e+02,-2.443588e+02,0.430532,-22.988263
3.597456,25.660826,7.742222e+02,1.760630e+02,-2.657664e+02,0.411761,-28.238309
2.954261,34.624300,7.496000e+02,1.015668e+02,-3.607038e+02,0.499907,-37.136937
3.207406,44.916314,7.934545e+02,-7.700073e+01,-3.657396e+02,0.471051,-50.944548
3.134536,54.912808,7.786667e+02,-1.473617e+02,-3.720406e+02,0.513907,-55.804022
3.199281,65.149525,7.880000e+02,-2.564946e+02,-2.534769e+02,0.457628,-67.669514
2.876036,74.803392,7.624000e+02,-2.949957e+02,-1.231195e+02,0.419278,-78.673141
3.486702,84.718292,7.984000e+02,-3.233915e+02,-6.274981e+01,0.412604,-84.509487
2.917642,94.438169,7.512000e+02,-3.661474e+02,7.710946e+01,0.498108,84.053738
3.312805,103.729008,7.564444e+02,-3.013686e+02,1.626757e+02,0.452738,75.820144
3.194998,114.944475,7.673333e+02,-1.506561e+02,3.369894e+02,0.481059,57.043868
3.135353,125.278465,7.573333e+02,-9.548373e+01,3.741753e+02,0.509903,52.157737
3.230062,134.591503,7.192000e+02,3.505457e+01,3.606969e+02,0.503888,42.224552
2.954861,144.758840,7.432727e+02,1.691272e+02,3.152224e+02,0.481287,30.892489
3.295857,154.683082,7.544000e+02,2.890435e+02,2.325448e+02,0.491750,19.408901
3.205123,165.350741,6.944000e+02,3.247005e+02,1.201282e+02,0.498574,10.151381
3.066242,175.067292,6.968000e+02,3.388870e+02,1.478121e+01,0.486810,1.248742
3.248676,185.340600,7.560000e+02,3.139704e+02,-1.754501e+02,0.475750,-14.598466
3.202815,203.855079,7.501538e+02,2.475214e+02,-2.774807e+02,0.495680,-24.133020
3.043794,214.533226,7.338182e+02,9.343487e+01,-3.399550e+02,0.480448,-37.316008
3.268784,224.762651,7.911111e+02,-6.622945e+01,-4.118965e+02,0.527343,-49.567244
3.173960,234.512551,7.680000e+02,-1.620829e+02,-3.368072e+02,0.486690,-57.849208
3.016761,244.324624,7.992000e+02,-2.862531e+02,-2.598591e+02,0.483747,-68.883499
3.065903,254.499484,8.120000e+02,-3.782452e+02,-9.725716e+01,0.480972,-82.790032
3.155899,265.005066,7.968000e+02,-3.963867e+02,3.019493e+01,0.498914,87.821941
3.146537,274.744719,7.968000e+02,-3.089129e+02,1.145168e+02,0.413474,79.829898
3.282025,283.827712,7.808000e+02,-2.925361e+02,2.631914e+02,0.503978,69.011322
3.325688,295.411445,8.087273e+02,-1.747315e+02,3.655435e+02,0.500982,57.774013
3.222611,305.155665,8.208000e+02,-7.695325e+01,3.950207e+02,0.490310,50.511810
2.952813,314.932965,8.272000e+02,3.051300e+01,4.021001e+02,0.487495,42.830240
3.174858,325.258385,7.880000e+02,1.450693e+02,2.763942e+02,0.396132,31.153325
3.168849,335.338616,8.376000e+02,2.342147e+02,2.943648e+02,0.449110,25.746041
3.158686,345.232989,8.065455e+02,3.410963e+02,1.223168e+02,0.449280,9.863893
3.061937,355.197493,8.064000e+02,3.570570e+02,-1.391386e+01,0.443115,-1.115791
7.256915,4.892257,8.415484e+02,3.039614e+02,-1.102122e+02,0.384203,-9.964976
7.340773,14.818199,8.391429e+02,2.939676e+02,-1.985060e+02,0.422709,-17.014888
7.404818,25.051557,8.179310e+02,1.529768e+02,-3.034616e+02,0.415487,-31.623529
7.252809,34.939569,8.026667e+02,8.358117e+01,-3.252933e+02,0.418430,-37.795040
7.449645,45.008987,8.185806e+02,-3.961619e+01,-3.699607e+02,0.454538,-48.056032
7.389299,55.121790,8.095484e+02,-1.518961e+02,-3.466439e+02,0.467499,-56.831290
7.378459,64.990252,7.649032e+02,-3.048878e+02,-2.619920e+02,0.525544,-69.663662
7.324242,75.169393,7.481290e+02,-3.304058e+02,-1.546241e+02,0.487612,-77.460619
7.507604,85.099604,7.624000e+02,-3.616711e+02,6.388078e+00,0.474459,89.494054
7.378463,95.073542,7.331613e+02,-3.586709e+02,9.336093e+01,0.505513,82.704926
7.294968,104.301660,7.187692e+02,-2.997185e+02,1.933066e+02,0.496194,73.589794
7.317628,114.609021,7.340606e+02,-2.168223e+02,3.210801e+02,0.527794,62.015392
7.373759,124.945144,7.163871e+02,-8.112961e+01,3.794160e+02,0.541597,51.034829
7.483038,134.960077,7.072000e+02,4.296820e+01,3.536546e+02,0.503755,41.536326
7.371950,144.912575,7.045161e+02,1.967499e+02,3.182633e+02,0.531100,29.137855
7.447410,155.135172,7.115000e+02,2.796313e+02,2.524202e+02,0.529457,21.036114
7.352167,165.181101,7.218667e+02,3.848168e+02,1.180993e+02,0.557626,8.530561
7.341512,175.263881,7.158710e+02,3.765455e+02,-6.435458e-02,0.525996,-0.004896
7.336594,185.009951,7.014286e+02,3.220567e+02,-1.481851e+02,0.505415,-12.354083
7.568418,195.123971,7.370323e+02,2.624501e+02,-2.304800e+02,0.473909,-20.644578
7.150060,204.922047,7.480000e+02,1.942978e+02,-3.492603e+02,0.534315,-30.456136
7.401573,215.068297,7.576774e+02,5.504492e+01,-3.660886e+02,0.488603,-40.724543
7.363018,225.150533,7.664000e+02,-1.085894e+02,-3.761367e+02,0.510827,-53.051629
7.381269,235.089071,7.501333e+02,-2.294447e+02,-3.087559e+02,0.512809,-63.308510
7.369499,245.082665,7.472000e+02,-2.706159e+02,-2.066914e+02,0.455729,-71.314040
7.295200,255.062744,8.010667e+02,-3.579003e+02,-1.287089e+02,0.474792,-80.110142
7.354802,264.893914,7.798621e+02,-3.338307e+02,3.097331e-01,0.428064,89.973420
7.353478,274.845058,7.961290e+02,-3.449265e+02,1.566014e+02,0.475817,77.790651
7.456517,284.680657,8.168571e+02,-2.572388e+02,1.923984e+02,0.393252,71.602917
7.449711,294.529051,8.324848e+02,-1.494949e+02,3.005318e+02,0.403203,58.223667
7.365545,305.010958,8.309333e+02,-4.831171e+01,3.468021e+02,0.421395,48.965312
7.300477,315.147762,8.374194e+02,6.192692e+01,3.285347e+02,0.399227,39.662661
7.408634,325.071127,8.292414e+02,1.496348e+02,3.002536e+02,0.404555,31.755053
7.384448,334.879866,8.557333e+02,2.620751e+02,2.003439e+02,0.385494,18.698090
7.471421,344.834186,8.877333e+02,3.684490e+02,1.059899e+02,0.431876,8.024340
7.342331,354.694203,8.762667e+02,3.648341e+02,3.722011e+01,0.418512,2.912560
12.033837,5.009220,9.259200e+02,3.203419e+02,-6.636829e+01,0.353319,-5.852459
11.886921,14.748477,9.107200e+02,2.999330e+02,-1.926555e+02,0.391423,-16.356892
11.969414,24.838740,8.800000e+02,1.890841e+02,-2.613823e+02,0.366596,-27.058999
11.940608,35.008722,8.532800e+02,1.155952e+02,-3.560840e+02,0.438750,-36.007530
12.087003,44.927017,8.206400e+02,-2.189735e+01,-3.831713e+02,0.467680,-46.635382
11.994303,54.909709,8.133333e+02,-1.604711e+02,-3.171937e+02,0.437060,-58.417624
12.108702,65.099398,7.858824e+02,-2.649485e+02,-2.754292e+02,0.486303,-66.944440
11.945427,75.021699,7.670400e+02,-3.389256e+02,-1.709300e+02,0.494875,-76.618432
12.010762,85.001512,7.436735e+02,-3.773149e+02,-3.648580e+01,0.509733,-87.238377
12.044441,94.898256,7.254400e+02,-3.632390e+02,7.377950e+01,0.510940,84.259264
12.113027,104.895774,7.212308e+02,-3.040169e+02,2.158330e+02,0.516951,72.313814
11.924596,114.893586,7.318462e+02,-2.003522e+02,3.115220e+02,0.506100,61.373341
11.973026,124.972469,6.952000e+02,-6.438023e+01,3.661979e+02,0.534830,49.985557
12.078166,134.944986,7.018039e+02,6.394899e+01,3.661028e+02,0.529558,40.045913
12.007323,145.005619,7.080816e+02,2.076077e+02,3.379429e+02,0.560131,29.218221
12.070096,155.014491,6.851765e+02,2.773181e+02,2.702211e+02,0.565112,22.128696
12.039014,164.959744,7.116800e+02,3.724282e+02,1.338987e+02,0.556103,9.887489
11.935270,174.948521,7.234510e+02,3.890963e+02,-3.046930e+01,0.539480,-2.238786
11.993738,185.052600,7.145098e+02,3.420598e+02,-1.380714e+02,0.516263,-10.990662
11.971274,195.142688,7.186154e+02,2.778264e+02,-2.572981e+02,0.526942,-21.401554
11.938681,205.289387,7.130000e+02,1.900970e+02,-3.340637e+02,0.539079,-30.179108
12.056895,214.928691,7.224000e+02,4.590163e+01,-3.538758e+02,0.493965,-41.304682
11.954323,225.007403,7.386667e+02,-8.851450e+01,-3.605856e+02,0.502650,-51.895967
12.020620,235.044264,7.622400e+02,-1.995661e+02,-3.015550e+02,0.474405,-61.748098
11.933567,244.991921,7.564082e+02,-2.982044e+02,-2.166320e+02,0.487284,-72.001649
12.009306,255.008760,7.686275e+02,-3.574549e+02,-1.027759e+02,0.483897,-81.979465
11.936833,265.199973,8.026667e+02,-3.469224e+02,2.338739e+01,0.433193,88.071652
12.003083,275.133354,8.426122e+02,-3.322361e+02,1.520900e+02,0.433643,77.701399
11.995859,284.420666,8.838182e+02,-2.571702e+02,2.317202e+02,0.391671,68.989969
12.009188,294.661801,8.887692e+02,-1.510759e+02,3.072038e+02,0.385187,58.093458
12.002696,304.898739,9.024314e+02,-2.356047e+01,3.400358e+02,0.377703,46.981793
11.924862,314.958485,9.281600e+02,8.116286e+01,3.582807e+02,0.395793,38.617986
12.045527,325.008086,9.429020e+02,1.704018e+02,2.789986e+02,0.346717,29.292497
11.969554,335.134900,9.483200e+02,2.484746e+02,2.276871e+02,0.355384,21.250132
12.028453,345.127278,9.707755e+02,2.990762e+02,1.294399e+02,0.335696,11.701461
11.954820,355.055306,9.344000e+02,3.385120e+02,6.801520e+01,0.369518,5.680416
16.681388,4.825980,1.023768e+03,3.396717e+02,-8.598616e+01,0.342252,-7.102853
16.690346,14.746792,9.892571e+02,3.012433e+02,-1.545203e+02,0.342238,-13.577590
16.718102,24.745217,9.487568e+02,2.369255e+02,-2.584100e+02,0.369520,-23.741784
16.690550,34.933928,9.089577e+02,1.336741e+02,-3.221245e+02,0.383691,-33.731348
16.742035,45.009938,8.828889e+02,1.207856e+01,-3.581584e+02,0.405897,-44.034242
16.674523,55.123807,8.296000e+02,-1.117716e+02,-3.441202e+02,0.436134,-53.997003
16.748421,64.962075,8.002319e+02,-2.330395e+02,-2.848245e+02,0.459881,-64.644779
16.688781,74.907872,7.755556e+02,-3.444682e+02,-1.812233e+02,0.501873,-76.125660
16.687992,84.920613,7.539155e+02,-3.993426e+02,-6.416600e+01,0.536486,-85.435895
16.687067,95.007426,7.407778e+02,-3.967998e+02,9.020118e+01,0.549319,83.596534
16.751756,105.365641,7.202162e+02,-3.151389e+02,2.291823e+02,0.541036,71.986883
16.777929,115.145330,7.035224e+02,-2.257363e+02,3.168667e+02,0.553006,62.733062
16.669374,124.956588,7.042254e+02,-6.759651e+01,3.797258e+02,0.547688,50.046858
16.723874,135.087373,7.150423e+02,6.699028e+01,3.827335e+02,0.543397,40.036011
16.680578,145.000584,6.909714e+02,1.880840e+02,3.262811e+02,0.545044,30.019400
16.685572,154.994874,6.811268e+02,2.877138e+02,2.514342e+02,0.560978,20.575163
16.737298,165.075900,6.971429e+02,3.626536e+02,1.408116e+02,0.558037,10.610131
16.679514,174.901879,7.071304e+02,3.921033e+02,-5.035241e+00,0.554545,-0.367865
16.688560,184.825630,7.080563e+02,3.489527e+02,-1.632823e+02,0.544116,-12.537944
16.665952,194.993920,7.093333e+02,2.883126e+02,-2.644956e+02,0.551584,-21.266507
16.695656,204.925435,7.206761e+02,1.798522e+02,-3.658950e+02,0.565730,-31.912005
16.726825,215.007886,7.282254e+02,3.571833e+01,-3.994007e+02,0.550646,-42.444821
16.638964,224.976076,7.427246e+02,-9.700062e+01,-3.899794e+02,0.541065,-51.983941
16.688541,234.948398,7.542857e+02,-2.317711e+02,-3.134345e+02,0.516806,-63.240654
16.564558,245.073557,7.821714e+02,-3.178762e+02,-1.694952e+02,0.460566,-75.966480
16.712680,255.039947,8.098551e+02,-3.773226e+02,-8.690751e+01,0.478113,-83.514727
16.632339,264.947867,8.393143e+02,-3.602240e+02,5.553096e+01,0.434258,85.618226
16.691813,274.954761,8.785143e+02,-3.084870e+02,1.706380e+02,0.401286,75.525528
16.667818,285.269564,9.213867e+02,-2.423638e+02,2.877393e+02,0.408309,65.053776
16.655979,295.256566,9.557647e+02,-1.237244e+02,3.217845e+02,0.360707,55.515744
16.702403,305.142770,9.832000e+02,-4.402743e+01,3.269555e+02,0.335544,48.834623
16.646985,315.042291,1.008116e+03,9.226725e+01,3.160487e+02,0.326591,36.862683
16.685176,325.021144,1.044000e+03,1.462025e+02,2.752644e+02,0.298546,31.012840
16.630886,334.987281,1.042235e+03,2.521184e+02,2.098522e+02,0.314734,19.886249
16.661423,344.936044,1.041127e+03,2.765776e+02,1.326174e+02,0.294612,12.808728
16.684682,354.942574,1.029714e+03,3.048679e+02,3.597961e+01,0.298125,3.365373
21.392434,4.994675,1.118400e+03,3.021333e+02,-4.856028e+01,0.273615,-4.565379
21.438142,14.823849,1.083494e+03,2.814881e+02,-1.286064e+02,0.285627,-12.277363
21.432293,24.795370,1.031660e+03,2.625641e+02,-2.319956e+02,0.339622,-20.731539
21.422197,34.970109,9.760889e+02,1.704160e+02,-3.466574e+02,0.395744,-31.910689
21.463620,44.978509,9.217391e+02,2.617366e+01,-3.846086e+02,0.418229,-43.053435
21.408444,55.035491,8.669565e+02,-1.140505e+02,-3.678214e+02,0.444195,-53.613552
21.381165,65.075577,8.395556e+02,-2.444611e+02,-3.196977e+02,0.479364,-63.701905
21.421200,74.971702,7.904889e+02,-3.474492e+02,-2.093213e+02,0.513139,-74.466536
21.405409,84.992367,7.522609e+02,-3.990585e+02,-6.187910e+01,0.536819,-85.592879
21.440216,95.035224,7.465495e+02,-3.989954e+02,1.024429e+02,0.551788,82.800116
21.348001,104.988564,7.295455e+02,-3.231226e+02,2.546412e+02,0.563913,70.879822
21.394317,115.216142,7.171818e+02,-2.131425e+02,3.181595e+02,0.533973,61.909528
21.389247,125.050140,7.120879e+02,-8.242633e+01,3.737414e+02,0.537466,51.218565
21.456861,134.977146,7.062857e+02,6.025371e+01,3.827863e+02,0.548644,40.527286
21.385196,144.953195,7.029565e+02,2.028613e+02,3.343530e+02,0.556338,29.376825
21.380731,155.067620,7.077802e+02,3.007316e+02,2.278694e+02,0.533091,18.575913
21.409619,165.012388,7.104719e+02,3.643961e+02,1.358298e+02,0.547366,10.221549
21.405445,174.903508,7.183111e+02,4.003348e+02,-4.845913e+00,0.557369,-0.346756
21.368321,184.993835,7.177634e+02,3.616205e+02,-1.519830e+02,0.546504,-11.398099
21.448675,194.918175,7.072184e+02,2.981199e+02,-2.540040e+02,0.553796,-20.215826
21.445552,204.828230,7.160851e+02,1.747304e+02,-3.590823e+02,0.557668,-32.026160
21.407074,215.014276,7.339780e+02,3.253666e+01,-3.992095e+02,0.545702,-42.670268
21.366307,225.039568,7.465495e+02,-1.237170e+02,-3.935783e+02,0.552629,-53.724979
21.412388,235.050572,7.588444e+02,-2.560351e+02,-3.121965e+02,0.532070,-64.677739
21.378044,245.005108,7.911579e+02,-3.297423e+02,-2.036767e+02,0.489883,-74.148511
21.387872,255.098177,8.171685e+02,-3.655122e+02,-6.469070e+01,0.454243,-84.981680
21.371938,265.024514,8.743371e+02,-3.762787e+02,7.142113e+01,0.438043,84.626294
21.383829,275.013720,9.247473e+02,-2.964717e+02,2.069325e+02,0.390969,72.542786
21.401727,285.230810,9.746237e+02,-2.138423e+02,2.628895e+02,0.347703,64.562982
21.434643,295.072562,1.026759e+03,-1.089834e+02,3.079845e+02,0.318184,54.743419
21.423298,304.951047,1.068484e+03,8.420186e+00,3.118474e+02,0.291966,44.226667
21.336339,314.997611,1.121511e+03,1.064147e+02,2.654351e+02,0.254988,34.076916
21.390824,325.028039,1.150505e+03,1.721242e+02,2.324628e+02,0.251411,26.741181
21.372545,335.022992,1.172696e+03,2.102354e+02,2.047239e+02,0.250232,22.119521
21.416271,345.031853,1.174066e+03,2.708211e+02,1.253622e+02,0.254184,12.419629
21.353147,355.027050,1.147556e+03,2.679926e+02,3.400602e+01,0.235406,3.615853
26.113854,4.999927,1.237333e+03,2.887756e+02,1.288250e+01,0.233618,1.277158
26.107117,14.717810,1.188952e+03,3.252174e+02,-1.125370e+02,0.289446,-9.543739
26.101811,24.939149,1.135150e+03,2.681402e+02,-2.029592e+02,0.296252,-18.561306
26.126499,35.043097,1.048216e+03,2.090139e+02,-3.027232e+02,0.350948,-27.688517
26.155163,45.014630,9.754862e+02,6.354477e+01,-3.768894e+02,0.391814,-40.214877
26.143855,54.941341,9.233455e+02,-9.670914e+01,-4.084039e+02,0.454541,-51.661064
26.049322,64.937630,8.571636e+02,-2.415294e+02,-3.588194e+02,0.504614,-61.972693
26.135288,75.004543,8.103571e+02,-3.603741e+02,-2.328680e+02,0.529477,-73.565046
26.165957,85.001142,7.856429e+02,-4.262820e+02,-5.844245e+01,0.547666,-86.096763
26.132623,94.905787,7.589189e+02,-4.064556e+02,1.047458e+02,0.553070,82.774501
26.053196,104.892793,7.472696e+02,-3.213042e+02,2.661323e+02,0.558310,70.182734
26.088026,114.948559,7.357193e+02,-2.123078e+02,3.385537e+02,0.543164,61.045957
26.151169,124.992745,7.405000e+02,-4.849524e+01,3.735018e+02,0.508625,48.698931
26.155376,134.974239,7.297297e+02,6.418318e+01,3.803605e+02,0.528604,40.210984
26.121621,144.997622,7.338571e+02,1.823304e+02,3.293880e+02,0.513022,30.516798
26.066654,155.003112,7.335780e+02,2.823301e+02,2.354446e+02,0.501133,19.912933
26.119693,164.967292,7.299286e+02,3.507943e+02,1.267821e+02,0.511011,9.935290
26.157841,175.010098,7.337857e+02,3.687204e+02,1.205450e+01,0.502759,0.936246
26.113562,185.033848,7.350631e+02,3.706788e+02,-1.452214e+02,0.541601,-10.696919
26.077802,195.024620,7.260917e+02,2.910763e+02,-2.565182e+02,0.534338,-20.694458
26.084484,205.206171,7.544906e+02,1.867673e+02,-3.769319e+02,0.557549,-31.820942
26.148741,215.001535,7.577982e+02,3.635844e+01,-4.139379e+02,0.548341,-42.490140
26.093929,224.965733,7.499820e+02,-1.239026e+02,-3.818730e+02,0.535307,-53.988090
26.148679,235.003143,7.801802e+02,-2.704640e+02,-3.190751e+02,0.536135,-65.143140
26.184697,245.014133,8.184000e+02,-3.640946e+02,-1.967658e+02,0.505696,-75.806052
26.123008,255.018555,8.575135e+02,-4.015184e+02,-3.763777e+01,0.470288,-87.322411
26.100336,264.984074,8.982545e+02,-3.505979e+02,1.067255e+02,0.407994,81.534610
26.105162,274.995145,9.818909e+02,-2.913506e+02,2.409100e+02,0.385024,70.206780
26.149795,285.051072,1.063207e+03,-1.889662e+02,2.870165e+02,0.323208,61.680072
26.159838,295.088269,1.125382e+03,-8.764673e+01,3.290036e+02,0.302545,52.458589
26.127697,305.022322,1.205185e+03,2.028145e+01,2.966802e+02,0.246744,43.044634
26.063422,314.985369,1.276180e+03,1.081021e+02,2.650744e+02,0.224318,33.906736
26.138121,324.964205,1.343780e+03,1.568418e+02,2.298053e+02,0.207047,27.843256
26.158318,334.954521,1.390357e+03,2.233450e+02,1.894765e+02,0.210658,20.154938
26.159288,344.981416,1.355273e+03,2.300302e+02,1.251281e+02,0.193216,14.272294
26.076364,354.973060,1.296360e+03,2.591868e+02,8.174948e+01,0.209643,8.752834
30.841073,5.030139,1.406962e+03,2.906801e+02,2.245650e+01,0.207217,2.208807
30.823153,14.907602,1.339062e+03,2.993651e+02,-8.390132e+01,0.232177,-7.828141
30.816987,24.801132,1.231294e+03,2.922808e+02,-1.984079e+02,0.286903,-17.084846
30.874708,34.994048,1.116000e+03,2.347447e+02,-2.871781e+02,0.332359,-25.368400
30.848519,45.047453,1.040602e+03,9.213652e+01,-3.935698e+02,0.388440,-38.412038
30.844538,55.033762,9.614046e+02,-7.146310e+01,-4.352220e+02,0.458756,-49.662356
30.809294,65.035851,9.019852e+02,-2.339320e+02,-3.770123e+02,0.491906,-60.909574
30.847478,75.030246,8.469538e+02,-3.712640e+02,-2.523277e+02,0.530011,-72.899104
30.849110,84.980830,8.110769e+02,-4.435594e+02,-6.917056e+01,0.553487,-85.568219
30.876056,95.042859,7.871278e+02,-4.130502e+02,1.090920e+02,0.542750,82.602627
30.863978,104.987018,7.747597e+02,-3.370000e+02,2.670531e+02,0.554990,70.802600
30.859057,114.927427,7.613431e+02,-2.056772e+02,3.391788e+02,0.521011,60.616256
30.875488,125.070863,7.584000e+02,-5.762440e+01,3.920675e+02,0.522521,49.180612
30.886576,135.017152,7.716692e+02,6.803737e+01,3.725376e+02,0.490754,39.825006
30.835787,144.975020,7.649846e+02,2.031312e+02,2.982198e+02,0.471681,27.869710
30.845138,154.911860,7.709412e+02,2.820308e+02,2.208206e+02,0.464619,19.029875
30.891096,165.009479,7.947669e+02,3.338650e+02,1.174799e+02,0.445327,9.692936
30.853290,175.063483,7.642424e+02,3.694835e+02,-1.852854e-01,0.483464,-0.014366
30.861277,185.002740,7.680000e+02,3.701072e+02,-1.344988e+02,0.512745,-9.985696
30.748214,194.998844,7.595821e+02,3.015941e+02,-2.565206e+02,0.521249,-20.191397
30.830396,204.969064,7.654545e+02,2.039042e+02,-3.612964e+02,0.541984,-30.280501
30.841506,214.920567,7.706047e+02,5.635019e+01,-4.219915e+02,0.552472,-41.197032
30.814329,224.967500,7.780763e+02,-1.242863e+02,-4.171358e+02,0.559402,-53.295755
30.883608,234.973947,8.096000e+02,-2.780222e+02,-3.434036e+02,0.545751,-64.496952
30.874387,245.013084,8.511628e+02,-3.953679e+02,-2.046717e+02,0.523054,-76.315285
30.869814,255.031792,8.996308e+02,-4.196418e+02,-2.746576e+01,0.467458,-88.127653
30.835055,265.043560,9.660923e+02,-3.590878e+02,1.238317e+02,0.393171,80.486602
30.858894,274.998630,1.047385e+03,-2.916525e+02,2.540558e+02,0.369290,69.470588
30.823224,284.864059,1.135873e+03,-1.480714e+02,3.363879e+02,0.323570,56.879083
30.849743,294.969015,1.242938e+03,-4.043720e+01,3.277862e+02,0.265718,48.516368
30.865432,304.939000,1.353152e+03,5.564663e+01,2.850403e+02,0.214626,39.476721
30.809795,314.986818,1.462462e+03,1.050567e+02,2.477467e+02,0.184006,33.510342
30.842753,325.014559,1.532308e+03,1.427332e+02,2.090091e+02,0.165173,27.835333
30.900367,335.001776,1.579163e+03,1.709103e+02,1.524044e+02,0.145009,20.862036
30.852299,344.956608,1.560000e+03,2.045973e+02,1.438709e+02,0.160332,17.557261
30.830393,354.995797,1.506748e+03,2.460418e+02,1.011426e+02,0.176552,11.173267
35.569952,5.007858,1.640901e+03,2.812732e+02,6.997978e+01,0.176640,6.985661
35.589486,14.920963,1.504378e+03,3.208555e+02,-1.965197e+01,0.213681,-1.752456
35.591775,24.898412,1.354548e+03,3.334487e+02,-1.434573e+02,0.267985,-11.639244
35.605589,35.045332,1.239627e+03,2.854416e+02,-2.871473e+02,0.326617,-22.585339
35.592381,44.984358,1.117158e+03,1.398200e+02,-4.160495e+02,0.392886,-35.712131
35.564170,54.988883,1.019421e+03,-5.568401e+01,-4.471531e+02,0.442022,-48.549252
35.615431,64.981972,9.327792e+02,-2.325921e+02,-4.064974e+02,0.502087,-59.888790
35.570525,74.993865,8.795789e+02,-3.827027e+02,-2.701762e+02,0.532598,-72.389549
35.573400,84.973341,8.390649e+02,-4.763130e+02,-7.064681e+01,0.573881,-85.781694
35.578370,94.975369,8.185960e+02,-4.350141e+02,1.138963e+02,0.549327,82.664019
35.645007,104.948711,8.077895e+02,-3.446690e+02,2.823200e+02,0.551548,70.339465
35.551347,114.863444,7.995817e+02,-2.033945e+02,3.725710e+02,0.530870,59.315536
35.609777,124.961339,8.005229e+02,-4.556525e+01,3.833373e+02,0.482230,48.389318
35.580601,134.977907,8.172185e+02,1.028299e+02,3.612068e+02,0.459557,37.054589
35.561546,145.028104,8.109804e+02,1.948002e+02,2.967868e+02,0.437750,28.360273
35.627306,155.009928,8.295099e+02,2.766511e+02,2.047907e+02,0.414946,18.255328
35.603078,164.961410,8.220267e+02,3.189993e+02,1.205391e+02,0.414845,10.349945
35.594916,174.947041,8.227895e+02,3.500467e+02,1.285875e+01,0.425726,1.051889
35.583298,185.021116,8.119216e+02,3.685444e+02,-1.219514e+02,0.478122,-9.154694
35.591727,194.993286,8.104000e+02,3.085125e+02,-2.626998e+02,0.500006,-20.207277
35.570193,204.889100,8.014641e+02,2.174378e+02,-3.574902e+02,0.522074,-29.345299
35.574650,215.013301,8.100000e+02,6.575304e+01,-4.299830e+02,0.537014,-40.652838
35.542703,225.049582,8.148267e+02,-1.338895e+02,-4.435175e+02,0.568570,-53.399034
35.573458,235.045094,8.442703e+02,-2.978430e+02,-3.739535e+02,0.566253,-64.268148
35.577939,245.018376,8.897718e+02,-4.284119e+02,-1.993523e+02,0.531061,-77.523046
35.554021,254.999627,9.403784e+02,-4.450092e+02,1.556046e+00,0.473226,89.899828
35.585860,265.027386,1.024895e+03,-4.051786e+02,1.534316e+02,0.422732,79.629747
35.617050,275.075860,1.120644e+03,-2.599830e+02,2.792337e+02,0.340453,66.477671
35.534928,284.955375,1.244811e+03,-1.451328e+02,3.344269e+02,0.292865,56.729810
35.572876,294.914943,1.367587e+03,-9.747765e+00,3.248389e+02,0.237634,45.859408
35.601892,305.039149,1.516299e+03,8.477928e+01,2.683011e+02,0.185568,36.232106
35.517483,314.998523,1.667007e+03,1.369083e+02,2.097759e+02,0.150269,28.434948
35.583107,325.013702,1.779040e+03,1.257611e+02,1.446908e+02,0.107758,24.501882
35.596746,335.019472,1.846980e+03,1.394896e+02,1.437754e+02,0.108459,22.933417
35.563271,345.013950,1.822940e+03,1.642389e+02,1.391896e+02,0.118098,20.140354
35.576727,355.000496,1.771413e+03,2.005112e+02,1.092418e+02,0.128902,14.291139
40.307642,5.004451,1.884744e+03,2.283368e+02,9.750547e+01,0.131734,11.561840
40.324163,14.954901,1.695377e+03,3.223591e+02,2.741944e+01,0.190827,2.430900
40.345349,24.907833,1.514069e+03,3.633773e+02,-9.884566e+01,0.248721,-7.608680
40.315097,34.986012,1.346279e+03,3.164812e+02,-2.584227e+02,0.303493,-19.616674
40.327375,44.984633,1.193163e+03,1.836054e+02,-4.198680e+02,0.384070,-33.190286
40.305912,55.009012,1.083098e+03,-1.199579e+01,-4.892884e+02,0.451885,-45.702214
40.352999,64.995002,9.885581e+02,-2.399770e+02,-4.372092e+02,0.504512,-59.380833
40.310762,75.040653,9.404598e+02,-4.015838e+02,-2.879548e+02,0.525438,-72.178834
40.318658,85.032755,8.894798e+02,-4.951948e+02,-8.194309e+01,0.564295,-85.302020
40.304815,95.021669,8.703256e+02,-4.645776e+02,1.482692e+02,0.560324,81.149800
40.279297,105.006629,8.501395e+02,-3.333285e+02,3.013024e+02,0.528528,68.944469
40.297013,115.173834,8.503810e+02,-1.813419e+02,3.819870e+02,0.497243,57.697625
40.316634,124.976985,8.706127e+02,-2.969350e+01,4.005612e+02,0.461354,47.119783
40.300000,135.031231,8.766437e+02,1.017664e+02,3.488497e+02,0.414525,36.868496
40.325406,145.045698,8.892414e+02,1.920743e+02,2.719936e+02,0.374450,27.385666
40.314479,155.051114,8.880000e+02,2.602672e+02,2.041097e+02,0.372473,19.052325
40.333645,165.045920,8.873988e+02,3.024967e+02,1.141602e+02,0.364348,10.338085
40.309279,175.037259,8.848941e+02,3.511471e+02,2.117907e+01,0.397545,1.725777
40.302550,184.956326,8.715294e+02,3.566799e+02,-9.508172e+01,0.423549,-7.463239
40.338176,195.060137,8.570971e+02,3.223534e+02,-2.242305e+02,0.458141,-17.411328
40.344587,205.054938,8.530651e+02,2.171406e+02,-3.590869e+02,0.491914,-29.419278
40.307999,214.990546,8.462222e+02,7.486766e+01,-4.423930e+02,0.530219,-40.197326
40.283646,225.005260,8.601882e+02,-1.236541e+02,-4.643957e+02,0.558688,-52.455069
40.293331,235.000951,8.888421e+02,-3.059959e+02,-3.829453e+02,0.551486,-64.313458
40.272535,245.045451,9.288095e+02,-4.473666e+02,-2.045261e+02,0.529605,-77.715584
40.269565,255.019086,9.977412e+02,-4.827657e+02,2.438373e+00,0.483865,89.855305
40.316147,265.004453,1.084810e+03,-4.103559e+02,1.941516e+02,0.418477,77.339887
40.341593,274.956903,1.226156e+03,-2.721718e+02,3.291494e+02,0.348327,64.793578
40.327932,284.887782,1.361095e+03,-1.067608e+02,3.656193e+02,0.279839,53.138902
40.328189,294.851905,1.528185e+03,1.880736e+01,3.128657e+02,0.205100,43.279954
40.315837,304.980495,1.727435e+03,1.377060e+02,2.468330e+02,0.163622,30.421617
40.244158,315.018263,1.912094e+03,1.512732e+02,1.503812e+02,0.111555,22.415289
40.329683,325.051647,2.097076e+03,1.333496e+02,1.337799e+02,0.090073,22.546147
40.274537,335.045669,2.199473e+03,1.190506e+02,1.150616e+02,0.075275,22.011925
40.336486,345.008454,2.166830e+03,1.357200e+02,1.269483e+02,0.085765,21.543667
40.292728,354.996198,2.070024e+03,1.804842e+02,1.523766e+02,0.114108,20.086626
45.042862,5.002487,2.184838e+03,2.209122e+02,1.592589e+02,0.124647,17.894198
45.011898,14.884178,1.920984e+03,3.211821e+02,8.813605e+01,0.173377,7.672448
45.041623,25.020234,1.673466e+03,3.779601e+02,-9.107913e+01,0.232320,-6.774286
45.030436,34.986347,1.461822e+03,3.591418e+02,-2.433353e+02,0.296763,-17.059736
45.080317,44.999131,1.305856e+03,2.311565e+02,-4.189242e+02,0.366401,-30.555350
45.045754,54.989272,1.158542e+03,4.423142e+00,-5.311190e+02,0.458453,-44.761427
45.051599,65.004559,1.047005e+03,-2.373376e+02,-4.765315e+02,0.508464,-58.237852
45.049787,75.002438,9.779067e+02,-4.196264e+02,-3.182515e+02,0.538558,-71.411362
45.063315,85.034347,9.378969e+02,-5.174465e+02,-6.836428e+01,0.556504,-86.236877
45.022307,95.036829,9.138144e+02,-4.828823e+02,1.598759e+02,0.556634,80.840491
44.989613,105.073995,9.029495e+02,-3.514571e+02,3.172138e+02,0.524328,68.965804
45.034422,114.974524,9.080417e+02,-1.701277e+02,3.982506e+02,0.476924,56.565783
45.038273,124.982024,9.218367e+02,1.801673e+01,3.940542e+02,0.427913,43.691089
45.060771,135.009812,9.453679e+02,1.424815e+02,3.307136e+02,0.380911,33.346072
45.070070,144.987016,9.547629e+02,1.908465e+02,2.436450e+02,0.324156,25.964252
45.013336,155.040560,9.778333e+02,2.605003e+02,1.755716e+02,0.321264,16.989564
45.047189,164.978580,9.805654e+02,2.779934e+02,1.061917e+02,0.303483,10.453269
45.042454,174.994567,9.718763e+02,3.146912e+02,3.294400e+01,0.325567,2.988170
45.034671,185.008968,9.434974e+02,3.542850e+02,-7.439626e+01,0.383692,-5.929611
45.007156,194.825019,9.220984e+02,3.308144e+02,-2.120756e+02,0.426154,-16.331383
45.056891,204.982516,9.099167e+02,2.540476e+02,-3.533935e+02,0.478321,-27.144193
45.027035,215.002337,8.958730e+02,8.826742e+01,-4.540394e+02,0.516300,-39.499325
45.017984,225.005743,9.150316e+02,-1.224291e+02,-4.930417e+02,0.555188,-51.972638
45.055241,235.005374,9.273298e+02,-3.300762e+02,-4.057063e+02,0.564004,-64.565626
45.015971,244.976283,9.792500e+02,-4.814405e+02,-2.129242e+02,0.537578,-78.070937
45.035585,255.000237,1.059728e+03,-5.145683e+02,2.545598e+01,0.486160,88.583927
45.042028,264.976835,1.173348e+03,-4.285237e+02,2.431478e+02,0.419910,75.214536
45.041326,274.975054,1.310660e+03,-2.648185e+02,3.640369e+02,0.343467,63.017000
45.065891,285.141240,1.492083e+03,-6.913177e+01,3.990660e+02,0.271439,49.914017
45.046263,295.155036,1.721792e+03,8.105090e+01,3.206224e+02,0.192072,37.906638
45.053408,305.011912,1.936000e+03,1.512469e+02,2.215675e+02,0.138568,27.840843
44.984159,314.990512,2.228698e+03,1.562376e+02,1.065086e+02,0.084842,17.141310
45.057288,324.983538,2.444255e+03,1.186832e+02,8.786836e+01,0.060415,18.257388
45.003875,334.968698,2.593634e+03,5.680081e+01,9.106206e+01,0.041380,29.022881
45.068991,345.000105,2.557757e+03,5.160841e+01,9.908723e+01,0.043680,31.243890
45.028397,355.009911,2.422232e+03,1.110823e+02,1.468576e+02,0.076020,26.448162
49.762945,4.991463,2.499905e+03,1.790564e+02,1.994173e+02,0.107207,24.039699
49.751993,15.018847,2.173859e+03,3.034455e+02,1.448898e+02,0.154684,12.761817
49.755108,24.937932,1.864601e+03,4.176829e+02,-7.578706e+00,0.224043,-0.519749
49.784188,34.993542,1.612651e+03,4.025912e+02,-2.277691e+02,0.286830,-14.749673
49.803047,44.993356,1.416948e+03,2.982810e+02,-4.307650e+02,0.369778,-27.649767
49.763623,54.998327,1.242453e+03,4.725456e+01,-5.495374e+02,0.443933,-42.542622
49.762670,65.022941,1.120377e+03,-2.381322e+02,-5.142783e+02,0.505843,-57.423045
49.759073,75.012055,1.045869e+03,-4.548667e+02,-3.425934e+02,0.544476,-71.506961
49.800454,84.975102,9.935399e+02,-5.398888e+02,-9.495405e+01,0.551740,-85.012502
49.753481,94.971812,9.780093e+02,-5.062895e+02,1.767196e+02,0.548303,80.379265
49.784046,105.019990,9.866667e+02,-3.466892e+02,3.585381e+02,0.505481,67.018719
49.790506,114.989102,9.915207e+02,-1.519374e+02,4.092984e+02,0.440323,55.182819
49.754244,124.995144,1.012209e+03,3.666917e+01,3.941344e+02,0.391062,42.342330
49.800672,134.967730,1.030065e+03,1.421907e+02,3.137234e+02,0.334389,32.809128
49.781105,145.004237,1.040113e+03,2.033771e+02,2.179168e+02,0.286581,23.488303
49.727933,154.993950,1.066604e+03,2.225822e+02,1.595069e+02,0.256735,17.813073
49.786986,165.018174,1.074841e+03,2.619442e+02,1.024233e+02,0.261673,10.678039
49.782198,175.010194,1.055132e+03,3.081258e+02,4.589015e+01,0.295247,4.235488
49.770850,185.043041,1.032822e+03,3.435962e+02,-4.681270e+01,0.335750,-3.879200
49.698418,195.121611,9.962963e+02,3.442542e+02,-1.771547e+02,0.388602,-13.615270
49.778349,205.012495,9.834231e+02,2.828298e+02,-3.462116e+02,0.454587,-25.376834
49.744597,214.978245,9.658009e+02,1.103988e+02,-4.744375e+02,0.504361,-38.450361
49.750358,224.989489,9.703619e+02,-1.122212e+02,-5.262771e+02,0.554545,-51.018619
49.788979,234.995978,1.003324e+03,-3.569391e+02,-4.410436e+02,0.565505,-64.491720
49.789783,244.958122,1.042009e+03,-5.271577e+02,-2.345444e+02,0.553719,-78.007317
49.788284,255.020962,1.128500e+03,-5.383706e+02,5.494663e+01,0.479546,87.086257
49.762984,265.004525,1.266860e+03,-4.459071e+02,2.918681e+02,0.420674,73.396641
49.792916,274.998561,1.429486e+03,-2.417986e+02,3.988947e+02,0.326312,60.611528
49.750041,284.993310,1.661615e+03,-1.053905e+01,4.254936e+02,0.256151,45.709435
49.773065,295.099866,1.914435e+03,1.239832e+02,3.112853e+02,0.175022,34.141445
49.773915,305.001930,2.206124e+03,1.764194e+02,1.816241e+02,0.114772,22.916412
49.731638,315.000219,2.579254e+03,1.594788e+02,7.850141e+01,0.068916,13.104062
49.763388,325.012945,2.926769e+03,8.269513e+01,4.488924e+01,0.032149,14.247176
49.781146,335.021765,3.110038e+03,4.994997e+01,6.182734e+01,0.025557,25.532721
49.782187,345.014058,3.089416e+03,1.149406e+01,1.204062e+02,0.039151,42.273515
49.760907,354.977059,2.866718e+03,7.588888e+01,1.868729e+02,0.070357,33.948993
54.492233,4.979880,2.905496e+03,1.562517e+02,2.367349e+02,0.097626,28.287031
54.526252,15.050071,2.462060e+03,3.234973e+02,2.143110e+02,0.157610,16.761871
54.511167,25.026939,2.073552e+03,4.334401e+02,5.718809e+01,0.210844,3.758096
54.531904,35.007234,1.771948e+03,4.818155e+02,-2.120155e+02,0.297074,-11.875577
54.516795,45.001920,1.529305e+03,3.374873e+02,-4.555620e+02,0.370725,-26.734193
54.496164,54.998777,1.336441e+03,7.132906e+01,-6.075956e+02,0.457759,-41.652187
54.476459,64.997607,1.201162e+03,-2.472587e+02,-5.830262e+02,0.527231,-56.490786
54.503392,74.988269,1.100391e+03,-4.837211e+02,-3.784634e+02,0.558149,-70.980188
54.514565,85.014084,1.063051e+03,-5.987841e+02,-8.444200e+01,0.568843,-85.986471
54.493669,95.011776,1.039214e+03,-5.313844e+02,1.941839e+02,0.544405,79.963084
54.526726,104.968441,1.054103e+03,-3.268161e+02,4.020584e+02,0.491537,64.553094
54.524442,114.972010,1.073513e+03,-1.196297e+02,4.390597e+02,0.423903,52.620647
54.478989,124.998162,1.106120e+03,6.035713e+01,3.820325e+02,0.349665,40.511037
54.534212,134.971401,1.120881e+03,1.658754e+02,2.752209e+02,0.286688,29.461337
54.493245,144.966536,1.147166e+03,1.811846e+02,1.712007e+02,0.217296,21.688557
54.502457,154.981702,1.178353e+03,1.933276e+02,1.362358e+02,0.200710,17.585960
54.511073,165.044103,1.180991e+03,2.177666e+02,9.464375e+01,0.201055,11.745148
54.507286,175.026612,1.154909e+03,2.607353e+02,6.806994e+01,0.233329,7.315790
54.507770,184.969346,1.124952e+03,3.218494e+02,-3.030760e+01,0.287366,-2.689755
54.519828,194.986507,1.095214e+03,3.565343e+02,-1.700982e+02,0.360689,-12.752622
54.498740,204.964459,1.065682e+03,3.101443e+02,-3.251034e+02,0.421620,-23.174490
54.494774,215.005840,1.045043e+03,1.497793e+02,-5.083180e+02,0.507085,-36.791020
54.489972,224.980579,1.053183e+03,-1.157037e+02,-5.570261e+02,0.540187,-50.867216
54.489571,234.986278,1.068452e+03,-3.808642e+02,-4.695633e+02,0.565870,-64.522807
54.549189,245.007092,1.130737e+03,-5.720053e+02,-2.324505e+02,0.546045,-78.942122
54.495589,254.988453,1.215825e+03,-5.986763e+02,6.266954e+01,0.495094,87.012017
54.515408,264.972071,1.370690e+03,-4.796724e+02,3.281983e+02,0.424024,72.809771
54.507526,274.968925,1.564934e+03,-2.143879e+02,4.747875e+02,0.332887,57.150659
54.499311,285.035936,1.798138e+03,3.632506e+01,4.403223e+02,0.245709,42.641988
54.525378,294.988667,2.130807e+03,1.742322e+02,3.376110e+02,0.178298,31.351461
54.501954,305.002134,2.534973e+03,2.388219e+02,1.592530e+02,0.113236,16.848220
54.482596,315.000018,2.986690e+03,1.606879e+02,2.722947e+01,0.054568,4.808864
54.499370,325.014781,3.465939e+03,7.058685e+01,1.040485e+01,0.020586,4.192650
54.533798,335.038449,3.808561e+03,-1.407083e+01,4.027124e+01,0.011201,54.629747
54.512929,344.997974,3.760559e+03,7.633872e+00,9.261376e+01,0.024711,42.643967
54.482245,354.991676,3.374261e+03,2.814064e+01,2.209903e+02,0.066022,41.371539
59.226922,4.968251,3.334496e+03,8.640979e+01,3.141297e+02,0.097705,37.309829
59.270756,15.059537,2.756500e+03,2.933479e+02,2.960381e+02,0.151193,22.630762
59.261334,25.092998,2.305258e+03,4.764041e+02,1.027667e+02,0.211413,6.086470
59.242294,35.022218,1.957937e+03,5.274453e+02,-1.729853e+02,0.283507,-9.078925
59.243211,45.020823,1.663435e+03,4.090070e+02,-4.552787e+02,0.367924,-24.032274
59.250054,55.005368,1.451969e+03,1.139581e+02,-6.544486e+02,0.457514,-40.061107
59.230489,64.981639,1.289588e+03,-2.472980e+02,-6.265373e+02,0.522319,-55.769722
59.254875,74.970412,1.205043e+03,-5.330398e+02,-4.132606e+02,0.559710,-71.106962
59.259394,85.000519,1.140016e+03,-6.533239e+02,-6.705785e+01,0.576094,-87.069812
59.229253,94.976949,1.140656e+03,-5.560995e+02,2.419589e+02,0.531674,78.243073
59.237554,104.849548,1.145429e+03,-3.224132e+02,4.261763e+02,0.466545,63.554217
59.216312,114.996686,1.189946e+03,-7.100241e+01,4.641462e+02,0.394594,49.348677
59.229465,125.006815,1.200969e+03,1.008321e+02,3.549768e+02,0.307269,37.071330
59.253006,134.992567,1.232630e+03,1.843151e+02,2.263559e+02,0.236816,25.422532
59.247041,145.006418,1.288280e+03,1.925660e+02,1.426486e+02,0.186020,18.265114
59.261081,154.985564,1.303370e+03,1.663357e+02,1.088614e+02,0.152522,16.601732
59.240209,164.947190,1.297455e+03,1.720732e+02,1.044310e+02,0.155137,15.626758
59.240983,174.964587,1.282698e+03,2.179214e+02,8.245808e+01,0.181648,10.362934
59.235477,184.974229,1.244996e+03,3.066072e+02,1.692694e+01,0.246647,1.579967
59.283655,195.057356,1.210268e+03,3.541562e+02,-1.189098e+02,0.308680,-9.279876
59.253908,205.057370,1.179008e+03,3.481451e+02,-3.327503e+02,0.408469,-21.852392
59.219222,215.012190,1.145446e+03,1.933713e+02,-5.202635e+02,0.484560,-34.805462
59.238504,224.981978,1.138176e+03,-9.623525e+01,-5.951847e+02,0.529720,-49.592325
59.252457,235.017784,1.166088e+03,-4.057742e+02,-5.027672e+02,0.554063,-64.453182
59.248924,245.025564,1.216686e+03,-6.156641e+02,-2.385765e+02,0.542682,-79.409057
59.231499,254.970578,1.329831e+03,-6.483510e+02,1.016209e+02,0.493496,85.546041
59.269561,264.936810,1.476308e+03,-4.906146e+02,3.955061e+02,0.426863,70.563089
59.231010,274.982990,1.708871e+03,-1.843383e+02,5.270905e+02,0.326763,54.638079
59.267953,285.028524,2.010915e+03,8.430071e+01,4.971973e+02,0.250778,40.188457
59.271166,294.966612,2.386419e+03,2.574265e+02,3.010715e+02,0.165990,24.734208
59.203202,304.991846,2.861538e+03,2.868411e+02,9.453387e+01,0.105544,9.120303
59.238887,314.985057,3.436632e+03,1.850565e+02,-1.746555e+01,0.054088,-2.695789
59.249760,324.969710,4.143036e+03,4.773087e+01,-4.655797e+01,0.016094,-22.143653
59.257268,335.002608,4.804369e+03,-6.523637e+01,8.961678e+00,0.013706,86.089049
59.245405,345.009048,4.677065e+03,-7.386823e+01,1.197048e+02,0.030075,60.839088
59.218861,354.989534,4.006757e+03,-2.181294e+01,2.413303e+02,0.060476,47.582358
63.969356,4.992298,3.823970e+03,3.614406e+01,3.717831e+02,0.097683,42.223630
63.966291,14.883510,3.112240e+03,2.739955e+02,3.764826e+02,0.149613,26.976862
63.963572,24.977900,2.574529e+03,5.062887e+02,2.012985e+02,0.211627,10.841294
63.988336,35.000516,2.141718e+03,5.979998e+02,-1.136652e+02,0.284214,-5.381074
63.988861,45.014365,1.829070e+03,4.977749e+02,-4.743309e+02,0.375919,-21.809242
63.978813,55.009868,1.583389e+03,1.593194e+02,-7.201041e+02,0.465784,-38.762280
64.000443,64.996928,1.403899e+03,-2.391801e+02,-7.051933e+02,0.530416,-54.367685
63.978708,75.006105,1.302662e+03,-5.845605e+02,-4.603478e+02,0.571187,-70.889590
64.004176,85.007781,1.251523e+03,-6.958354e+02,-8.177348e+01,0.559817,-86.648716
63.972708,95.015445,1.247367e+03,-5.945677e+02,2.792832e+02,0.526625,77.419695
63.951322,105.113389,1.268099e+03,-3.110021e+02,4.783007e+02,0.449902,61.516422
63.975442,115.032801,1.293062e+03,-3.214580e+01,4.758391e+02,0.368833,46.932402
63.966920,125.010266,1.336058e+03,1.497422e+02,3.361560e+02,0.275437,32.994603
63.987737,135.021426,1.359769e+03,2.165077e+02,1.872952e+02,0.210534,20.431117
63.984249,144.997624,1.409804e+03,1.826471e+02,9.540227e+01,0.146164,13.789735
63.999701,154.981549,1.450036e+03,1.273500e+02,6.677465e+01,0.099166,13.834901
63.978675,164.975269,1.467445e+03,1.324226e+02,7.175260e+01,0.102636,14.225427
63.979051,174.967633,1.434036e+03,1.981848e+02,1.035584e+02,0.155931,13.794313
63.983909,185.007113,1.385460e+03,3.078831e+02,8.344046e+01,0.230241,7.581841
63.970988,194.907710,1.354091e+03,3.865074e+02,-8.068443e+01,0.291590,-5.895656
63.960493,205.007521,1.301867e+03,3.928913e+02,-3.135132e+02,0.386097,-19.294306
63.946330,214.985445,1.270275e+03,2.218673e+02,-5.446633e+02,0.462985,-33.918299
63.982612,224.999550,1.237393e+03,-7.224372e+01,-6.287424e+02,0.511462,-48.277326
63.998424,234.974214,1.264657e+03,-4.147615e+02,-5.361469e+02,0.535995,-63.862708
63.936684,245.010217,1.336629e+03,-6.651190e+02,-2.625850e+02,0.534985,-79.228097
63.989037,255.020999,1.439970e+03,-6.913731e+02,1.300715e+02,0.488553,84.672598
63.986648,265.029183,1.636438e+03,-5.159502e+02,4.586323e+02,0.421846,69.182923
63.977704,274.997326,1.869463e+03,-1.610173e+02,5.920117e+02,0.328179,52.607716
63.990520,284.928597,2.231483e+03,1.483273e+02,5.099712e+02,0.238005,36.891354
63.983887,294.997029,2.675880e+03,3.245062e+02,2.839241e+02,0.161136,20.592019
63.946220,304.975873,3.243004e+03,3.182208e+02,4.656986e+01,0.099171,4.162909
63.981702,314.990502,3.974022e+03,1.856155e+02,-1.032143e+02,0.053443,-14.538462
63.973450,324.976440,5.017618e+03,-4.911487e+00,-1.159525e+02,0.023130,-46.212735
63.979034,335.003389,6.320330e+03,-1.454849e+02,-1.827202e+01,0.023199,-86.420739
63.962921,345.009108,6.095850e+03,-2.080394e+02,1.509670e+02,0.042167,72.016457
63.955247,355.003691,4.781570e+03,-1.276732e+02,2.383386e+02,0.056546,59.088530
68.697699,4.978820,4.357655e+03,-3.176664e+01,4.058983e+02,0.093431,47.237496
68.713365,15.001975,3.496599e+03,2.447297e+02,4.189338e+02,0.138757,29.853845
68.690342,24.956315,2.861973e+03,5.255089e+02,2.938778e+02,0.210379,14.607508
68.734558,34.990699,2.359891e+03,6.724251e+02,-7.364402e+01,0.286643,-3.125063
68.722380,45.005744,1.988297e+03,5.839956e+02,-4.923453e+02,0.384169,-20.066506
68.718747,55.008232,1.718997e+03,2.132986e+02,-7.642782e+02,0.461597,-37.203188
68.732022,65.024800,1.514505e+03,-2.526965e+02,-7.729716e+02,0.536960,-54.051688
68.715890,75.039339,1.415060e+03,-6.503946e+02,-5.003432e+02,0.579893,-71.214607
68.727337,84.999938,1.352649e+03,-7.592748e+02,-4.616485e+01,0.562361,-88.260315
68.703042,95.003604,1.355007e+03,-6.109886e+02,3.346716e+02,0.514125,75.644043
68.725734,105.059588,1.370764e+03,-2.879176e+02,5.291136e+02,0.439446,59.276430
68.727009,114.995049,1.408566e+03,1.665072e+01,4.836532e+02,0.343569,44.014129
68.705007,124.989522,1.480401e+03,2.061038e+02,3.243506e+02,0.259588,28.783344
68.729807,134.994994,1.511946e+03,2.246340e+02,1.493544e+02,0.178415,16.809545
68.705300,145.016060,1.573333e+03,1.756992e+02,4.069906e+01,0.114630,6.521003
68.723253,155.006264,1.624519e+03,9.144401e+01,1.595962e+01,0.057141,4.950025
68.717684,164.948891,1.636041e+03,7.966017e+01,7.060452e+01,0.065063,20.775631
68.708245,174.965187,1.578857e+03,1.460563e+02,1.322849e+02,0.124810,21.083758
68.718780,184.988480,1.517699e+03,2.778030e+02,1.045900e+02,0.195585,10.315425
68.650984,194.988495,1.477478e+03,4.057305e+02,-3.813119e+01,0.275820,-2.684489
68.716056,204.960539,1.425823e+03,4.143143e+02,-2.706531e+02,0.347086,-16.577397
68.691019,215.012836,1.386676e+03,2.672410e+02,-5.626562e+02,0.449201,-32.297000
68.709859,225.022007,1.360803e+03,-5.150978e+01,-6.894637e+02,0.508072,-47.136313
68.691430,235.017040,1.382085e+03,-4.384518e+02,-6.044168e+02,0.540270,-62.978809
68.706266,244.981537,1.459436e+03,-7.189470e+02,-2.735612e+02,0.527076,-79.584026
68.694684,255.000139,1.583972e+03,-7.773178e+02,1.620008e+02,0.501284,84.113749
68.717702,264.935502,1.778077e+03,-5.184853e+02,5.242729e+02,0.414691,67.340996
68.711797,274.965553,2.045538e+03,-1.276285e+02,6.416909e+02,0.319847,50.624495
68.706469,284.876187,2.420270e+03,2.127692e+02,5.403910e+02,0.239961,34.254427
68.708858,294.932117,2.984685e+03,4.076872e+02,2.630772e+02,0.162563,16.416912
68.699367,305.026499,3.681706e+03,3.542375e+02,-3.238963e+01,0.096617,-2.612150
68.710418,315.028581,4.593881e+03,1.763215e+02,-1.608979e+02,0.051960,-21.190626
68.701421,325.021154,6.093547e+03,-3.460622e+01,-1.466154e+02,0.024722,-51.640339
68.671086,334.999499,1.017518e+04,-3.358499e+02,3.485391e+01,0.033184,87.037577
68.689789,344.982307,9.406152e+03,-4.597262e+02,1.535631e+02,0.051530,80.764523
68.694917,354.997910,5.694090e+03,-2.477037e+02,2.768785e+02,0.065245,65.908380
73.437543,5.012256,4.920869e+03,-1.070465e+02,4.561380e+02,0.095213,51.603588
73.473998,15.088353,3.894146e+03,2.058130e+02,5.180519e+02,0.143148,34.166466
73.462283,25.020478,3.145518e+03,5.342064e+02,3.874870e+02,0.209804,17.977642
73.448573,35.024396,2.583567e+03,7.398770e+02,9.932733e+00,0.286404,0.384570
73.449483,45.035829,2.137227e+03,6.573762e+02,-4.877308e+02,0.382996,-18.286516
73.441222,55.006151,1.847139e+03,2.749829e+02,-8.156424e+02,0.465990,-35.684578
73.453627,65.012438,1.619911e+03,-2.686444e+02,-8.174409e+02,0.531173,-54.096317
73.453944,74.998598,1.528302e+03,-6.863224e+02,-5.338406e+02,0.568930,-71.061615
73.446615,85.011389,1.471448e+03,-8.230642e+02,-3.860916e+01,0.559972,-88.657139
73.442816,95.005978,1.469225e+03,-6.159266e+02,3.835729e+02,0.493865,74.043551
73.472653,104.990670,1.501132e+03,-2.513830e+02,5.589487e+02,0.408276,57.107737
73.463102,115.016373,1.542875e+03,6.664770e+01,5.093926e+02,0.332972,41.272950
73.435320,125.007707,1.582943e+03,2.452955e+02,3.012490e+02,0.245420,25.422701
73.464597,135.008829,1.641279e+03,2.558238e+02,8.695516e+01,0.164627,9.386514
73.447392,144.984051,1.715609e+03,1.529198e+02,-3.802558e+01,0.091849,-6.982075
73.416928,155.013988,1.778616e+03,3.487133e+01,-6.752382e+00,0.019970,-5.479480
73.439974,164.973324,1.780268e+03,8.500898e+00,6.381329e+01,0.036161,41.206004
73.434657,174.989200,1.706776e+03,7.800812e+01,1.542366e+02,0.101268,31.585558
73.460065,185.004838,1.679108e+03,2.312132e+02,1.510370e+02,0.164476,16.577030
73.446218,195.046320,1.616379e+03,4.089738e+02,1.750652e+01,0.253250,1.225552
73.457317,204.993475,1.545429e+03,4.558359e+02,-2.295688e+02,0.330252,-13.365408
73.431821,214.961519,1.512720e+03,3.124727e+02,-5.376540e+02,0.411088,-29.917894
73.437594,224.959530,1.508416e+03,-2.733375e+01,-7.443909e+02,0.493824,-46.051467
73.434266,234.969240,1.511716e+03,-4.718094e+02,-6.623622e+02,0.537945,-62.731388
73.461458,244.971721,1.574384e+03,-7.670093e+02,-3.088125e+02,0.525185,-79.034675
73.435860,255.010161,1.721010e+03,-8.237432e+02,1.839756e+02,0.490432,83.705062
73.441057,265.007430,1.907776e+03,-5.410811e+02,6.010479e+02,0.423907,65.997239
73.440211,274.985041,2.262118e+03,-8.043057e+01,7.416743e+02,0.329790,48.094615
73.465215,285.062331,2.703766e+03,3.209563e+02,5.673048e+02,0.241072,30.250357
73.441350,294.986126,3.315263e+03,4.802666e+02,2.163969e+02,0.158891,12.127607
73.432831,305.020625,4.074649e+03,3.963641e+02,-9.870992e+01,0.100247,-6.992191
73.438805,315.011766,5.163190e+03,1.310225e+02,-2.566637e+02,0.055813,-31.478227
73.440336,325.003746,7.186554e+03,-1.029869e+02,-2.435605e+02,0.036796,-56.460273
73.323030,334.714399,2.318053e+04,-9.220577e+02,4.430113e+02,0.044130,77.168802
73.436088,345.034330,1.852153e+04,-1.148414e+03,1.300611e+02,0.062401,86.769312
73.435431,354.993447,6.564091e+03,-3.188190e+02,3.057370e+02,0.067294,68.099973
78.190615,4.998346,5.345136e+03,-2.041320e+02,5.082354e+02,0.102467,55.941396
78.201365,14.928208,4.251927e+03,1.207443e+02,6.186990e+02,0.148255,39.478524
78.201394,24.958287,3.393433e+03,5.250780e+02,4.851603e+02,0.210673,21.368620
78.180626,35.000046,2.756344e+03,8.027260e+02,5.423384e+01,0.291892,1.932574
78.187706,45.010603,2.266296e+03,7.142029e+02,-4.673127e+02,0.376607,-16.598637
78.162755,55.016785,1.939774e+03,3.082883e+02,-8.356248e+02,0.459167,-34.874697
78.165341,65.009032,1.715442e+03,-2.453319e+02,-8.571003e+02,0.519703,-52.986481
78.179016,75.018231,1.605475e+03,-7.071735e+02,-5.393609e+02,0.553970,-71.333627
78.190282,85.012282,1.558287e+03,-8.491789e+02,-1.741624e+01,0.545058,-89.412528
78.181121,95.005108,1.544212e+03,-6.108174e+02,4.148579e+02,0.478160,72.908125
78.174825,104.884565,1.569922e+03,-2.236290e+02,5.861624e+02,0.399620,55.441270
78.180787,114.950987,1.611475e+03,1.306090e+02,4.843723e+02,0.311313,37.454668
78.174279,125.005356,1.637778e+03,2.822550e+02,2.313923e+02,0.222851,19.672425
78.192224,134.999779,1.744970e+03,2.597265e+02,2.007919e+01,0.149287,2.210342
78.183159,144.993990,1.783953e+03,1.165779e+02,-9.022032e+01,0.082632,-18.868253
78.165821,154.982460,1.846165e+03,-1.317925e+01,-5.882675e+01,0.032654,-51.313871
78.187364,165.007465,1.885657e+03,-7.468961e+01,5.548525e+01,0.049343,71.696081
78.166769,175.016204,1.799143e+03,9.418283e-01,1.731573e+02,0.096246,44.844181
78.200108,185.018741,1.751784e+03,2.030230e+02,2.099458e+02,0.166718,22.980198
78.234428,195.049256,1.709988e+03,4.001645e+02,7.254954e+01,0.237831,5.138033
78.162231,205.026402,1.651683e+03,4.761807e+02,-2.068626e+02,0.314329,-11.740556
78.165218,214.984738,1.629812e+03,3.649858e+02,-5.342903e+02,0.397012,-27.831067
78.179261,224.972630,1.616829e+03,2.872826e+00,-7.522710e+02,0.465279,-44.890598
78.177007,234.984142,1.641527e+03,-4.717271e+02,-6.997966e+02,0.514121,-61.991790
78.217805,245.001316,1.691509e+03,-8.155184e+02,-3.158874e+02,0.517029,-79.413174
78.184285,254.969986,1.850462e+03,-8.521280e+02,2.166418e+02,0.475144,82.867771
78.192629,264.999446,2.073829e+03,-5.433697e+02,6.398375e+02,0.404773,65.169472
78.166951,275.012219,2.464847e+03,-4.606480e+01,8.068774e+02,0.327887,46.633741
78.199882,285.069183,2.921483e+03,4.065589e+02,5.591599e+02,0.236640,26.989760
78.189521,295.064213,3.642000e+03,5.482319e+02,1.790648e+02,0.158356,9.044098
78.160249,305.013298,4.445424e+03,4.167031e+02,-1.841583e+02,0.102484,-11.921309
78.178794,314.990880,5.708923e+03,1.023662e+02,-3.414369e+02,0.062438,-36.655372
78.197084,324.998015,7.888024e+03,-1.835934e+02,-2.922477e+02,0.043754,-61.068760
78.270185,334.861859,2.286957e+04,-4.696965e+02,-3.387134e+02,0.025321,-72.101699
78.189566,344.989503,1.848461e+04,-9.098941e+02,-2.402572e+02,0.050912,-82.604333
78.167135,354.983080,7.238614e+03,-4.239531e+02,3.063264e+02,0.072257,72.075043
82.922949,4.997768,4.190327e+03,-2.647984e+02,2.993690e+02,0.095380,65.746730
82.918822,15.023849,3.280591e+03,1.498681e+00,4.779576e+02,0.145693,44.910172
82.899129,25.076190,3.306989e+03,4.673135e+02,4.755248e+02,0.201607,22.749492
82.944673,34.992822,2.675596e+03,7.518318e+02,1.230479e+02,0.284735,4.647428
82.920668,44.996697,1.658420e+03,4.854421e+02,-2.294531e+02,0.323765,-12.649308
82.911263,55.001194,1.847287e+03,3.124690e+02,-7.041267e+02,0.417014,-33.034938
82.915801,65.008472,1.056855e+03,-7.254806e+01,-3.864898e+02,0.372085,-50.315643
82.915217,75.007514,1.179044e+03,-4.604022e+02,-2.747072e+02,0.454715,-74.588414
82.940614,85.003106,1.458484e+03,-7.296432e+02,1.257023e+00,0.500276,89.950646
82.910241,94.995951,1.445230e+03,-5.095563e+02,3.891023e+02,0.443618,71.317142
82.920126,105.049507,1.458478e+03,-1.466596e+02,5.184260e+02,0.369406,52.897947
82.915673,115.009342,1.367028e+03,1.102622e+02,3.215331e+02,0.248652,35.535896
82.916482,125.002713,1.039514e+03,1.208944e+02,4.383291e+01,0.123707,9.964611
82.921878,135.000704,1.595457e+03,2.206415e+02,-4.551545e+01,0.141205,-5.827934
82.919817,144.986184,1.679910e+03,6.735320e+01,-1.040739e+02,0.073794,-28.545191
82.930579,154.952690,1.734281e+03,-6.308429e+01,-9.501466e+01,0.065762,-61.790941
82.912444,164.989977,1.824896e+03,-1.170673e+02,4.898297e+01,0.069539,78.647365
82.915365,174.994412,1.700575e+03,-3.267412e+01,1.759681e+02,0.105244,50.259501
82.931260,184.968999,1.569740e+03,1.395380e+02,2.179732e+02,0.164875,28.687102
82.915445,194.885215,1.624980e+03,3.500429e+02,1.370743e+02,0.231341,10.692475
82.896738,204.988957,1.622915e+03,4.599762e+02,-1.369627e+02,0.295724,-8.290725
82.904065,215.020262,1.605318e+03,3.854351e+02,-4.669004e+02,0.377146,-25.229844
82.923804,224.988177,1.597026e+03,4.356001e+01,-7.052074e+02,0.442417,-43.232692
82.931675,234.986766,1.639075e+03,-4.266499e+02,-6.596393e+02,0.479290,-61.447247
82.923363,245.017641,1.698791e+03,-7.833426e+02,-3.005668e+02,0.493897,-79.504150
82.924533,255.025728,1.867475e+03,-8.267758e+02,2.094467e+02,0.456709,82.892176
82.924940,265.032263,2.126997e+03,-5.063055e+02,6.460004e+02,0.385882,64.043862
82.904147,275.018340,2.541310e+03,-6.156022e+00,7.886932e+02,0.310358,45.223602
82.896949,284.956342,3.046243e+03,4.254252e+02,5.499299e+02,0.228241,26.137251
82.899802,295.071574,3.767030e+03,5.877087e+02,8.328507e+01,0.157573,4.032882
82.902326,304.983171,4.563329e+03,4.091660e+02,-2.414194e+02,0.104108,-15.270899
82.928151,315.010888,4.511304e+03,1.611063e+02,-2.692070e+02,0.069543,-29.550840
82.926566,325.000183,7.375743e+03,-1.611885e+02,-2.589601e+02,0.041356,-60.950002
82.917558,334.980982,1.264181e+04,-4.460566e+02,-1.813318e+02,0.038088,-78.938588
82.918281,344.974735,1.097973e+04,-4.894317e+02,-5.931904e+01,0.044902,-86.544733
82.886224,354.994579,6.862828e+03,-4.160987e+02,1.861344e+02,0.066421,77.949747
87.656658,5.006841,6.926146e+02,-3.346343e+01,3.919803e+01,0.074412,65.243720
87.649503,14.993147,3.462151e+02,6.882783e+00,3.540065e+01,0.104165,39.498757
87.636192,24.942927,5.543704e+02,4.031304e+01,5.783364e+01,0.127166,27.560755
87.670267,34.985091,5.533013e+02,8.935993e+01,2.992825e+01,0.170320,9.258312
87.673758,44.989308,3.387018e+02,4.326638e+01,-3.492954e+01,0.164175,-19.457204
87.649108,55.018582,5.195158e+02,4.641073e+01,-9.479788e+01,0.203168,-31.957380
87.681276,65.006040,6.228451e+02,-1.844706e+01,-9.440559e+01,0.154438,-50.528205
87.649426,74.997148,7.047979e+02,-1.541453e+02,-1.006299e+02,0.261188,-73.431245
87.669881,84.990099,7.551496e+02,-2.390128e+02,9.279081e+00,0.316749,88.888375
87.651463,95.014911,8.086026e+02,-1.627480e+02,1.424958e+02,0.267516,69.397941
87.672528,105.066719,7.567339e+02,-2.281623e+01,1.818982e+02,0.242256,48.574751
87.675730,115.010974,1.494068e+03,8.313545e+01,1.236589e+02,0.099732,28.043603
87.651753,124.990015,1.613807e+03,1.138774e+02,-1.582903e+01,0.071243,-3.956723
87.661503,134.999818,1.159021e+03,6.688123e+01,-5.363554e+01,0.073969,-19.363969
87.653515,145.021326,1.500909e+03,1.956437e+01,-1.253622e+02,0.084535,-40.564908
87.680679,155.021272,1.698660e+03,-9.993814e+01,-8.755385e+01,0.078218,-69.389517
87.651758,165.004544,1.733799e+03,-1.285742e+02,4.877850e+00,0.074211,88.913677
87.659189,175.007695,1.103407e+03,-5.803725e+01,7.430775e+01,0.085450,63.995613
87.654226,185.009980,7.994209e+02,7.184216e+00,7.096468e+01,0.089224,42.109636
87.617446,195.017972,8.570186e+02,1.083709e+02,5.962176e+01,0.144325,14.408998
87.664408,204.985575,9.182842e+02,2.063294e+02,-3.452786e+01,0.227815,-4.750021
87.648319,214.995056,1.046681e+03,1.982264e+02,-2.271519e+02,0.288037,-24.445047
87.659357,225.001421,1.162696e+03,4.919578e+01,-4.224282e+02,0.365774,-41.678643
87.661557,235.038652,1.197705e+03,-2.562038e+02,-4.136523e+02,0.406250,-60.886417
87.632763,245.049653,1.148698e+03,-4.597750e+02,-1.830127e+02,0.430801,-79.147525
87.637618,255.012694,1.163403e+03,-4.661663e+02,1.054391e+02,0.410814,83.627549
87.663955,264.991525,1.359204e+03,-2.968986e+02,3.695846e+02,0.348784,64.387990
87.663301,274.997148,1.893884e+03,8.727791e+00,5.551424e+02,0.293160,44.549643
87.598993,285.056412,2.496175e+03,3.576456e+02,3.950879e+02,0.213495,23.923824
87.628830,294.979892,2.673300e+03,3.946895e+02,7.798792e+01,0.150496,5.588634
87.667061,305.004888,2.259152e+03,2.362651e+02,-9.530971e+01,0.112770,-10.984612
87.664248,314.996511,6.636915e+02,9.435678e+00,-3.932603e+01,0.060935,-38.253903
87.644135,324.999295,2.707890e+03,-2.017427e+01,-8.263286e+01,0.031412,-51.859995
87.633138,335.017207,7.032110e+03,-1.511154e+02,-9.731022e+01,0.025559,-73.610315
87.651442,345.043038,3.693777e+03,-1.168842e+02,-1.193093e+02,0.045217,-67.205868
87.619413,355.014106,1.571326e+03,-1.023963e+02,-1.226117e+01,0.065631,-86.585891
