index,zenith_deg,relative_azimuth_deg,absolute_azimuth_deg,reference_intensity,model_intensity,normalized_reference,normalized_model,reference_dop,model_dop,dop_abs_error,reference_aop_deg,model_aop_deg,aop_abs_error_deg,signed_dolp_bias,first_frac,second_frac,higher_frac,second_rr_frac,second_ar_frac,second_ra_frac,second_aa_frac,model_q,model_u,model_v,model_calibration_applied,model_calibration_intensity_gain,model_calibration_dolp_scale,model_calibration_aop_offset_deg,raw_model_intensity,raw_model_dop,raw_model_aop_deg,raw_model_q,raw_model_u,raw_model_v
0,2.876036,74.803392,10.788486,762.4,4.9121047703e-07,0.03288967077111697,0.09817168492415296,0.419278,0.83443280041,0.41515480041,-78.673141,-63.761957975,14.911183025,0.41515480041,0.32025190366,0.61226888647,0.067479209869,0.60569046599,0.32615961706,0.050313970711,0.017835946241,-2.4965614647e-07,-3.2507717892e-07,0.0,0.0,1.0,1.0,0.0,4.9121047703e-07,0.83443280041,-63.761957975,-2.4965614647e-07,-3.2507717892e-07,0.0
1,7.15006,204.922047,140.907141,748.0,5.0526733721e-07,0.03226845978068664,0.10098104203916733,0.534315,0.8211091658,0.28679416580000006,-30.456136,-15.250881541,15.205254459,0.2867941658,0.29421683473,0.65144421101,0.054338954257,0.63502997007,0.28721957539,0.056113957673,0.021636496865,3.5746591776e-07,-2.1057833409e-07,0.0,0.0,1.0,1.0,0.0,5.0526733721e-07,0.8211091658,-15.250881541,3.5746591776e-07,-2.1057833409e-07,0.0
2,7.252809,34.939569,330.924663,802.6667,2.5325181997e-07,0.03462676220086426,0.05061406268629879,0.41843,0.67575853607,0.25732853607,-37.79504,-33.17980968,4.615230320000002,0.25732853607,0.66253933801,0.21675696554,0.12070369645,0.73351164547,0.10502733546,0.15013866075,0.011322358324,6.8625072435e-08,-1.5677531465e-07,0.0,0.0,1.0,1.0,0.0,2.5325181997e-07,0.67575853607,-33.17980968,6.8625072435e-08,-1.5677531465e-07,0.0
3,11.886921,14.748477,310.733571,910.72,3.6840696326e-07,0.03928814397254938,0.07362858491883482,0.391423,0.68083307,0.28941007,-16.356892,-11.778195169,4.5786968309999985,0.28941007,0.49840622834,0.15168530812,0.34990846354,0.76413329328,0.08043097185,0.14406812813,0.011367606733,2.2992180291e-07,-1.0024203131e-07,0.0,0.0,1.0,1.0,0.0,3.6840696326e-07,0.68083307,-11.778195169,2.2992180291e-07,-1.0024203131e-07,0.0
4,16.564558,245.073557,181.058651,782.1714,6.7968678095e-07,0.03374260208890823,0.13583992937198686,0.460566,0.89064624898,0.43008024898,-75.96648,-64.253604522,11.712875478,0.43008024898,0.22137004653,0.22096432685,0.55766562662,0.70774484182,0.20230065355,0.074131465445,0.015823039188,-3.769053667e-07,-4.7371263192e-07,0.0,0.0,1.0,1.0,0.0,6.7968678095e-07,0.89064624898,-64.253604522,-3.769053667e-07,-4.7371263192e-07,0.0
5,16.777929,115.14533,51.130424,703.5224,7.2551203344e-07,0.030349711589855798,0.1449984112435844,0.553006,0.90029950526,0.34729350526,62.733062,67.611640123,4.878578123000004,0.34729350526,0.20725342809,0.76000037188,0.032746200037,0.50301088469,0.42323453636,0.042114785614,0.031639793331,-4.6366305285e-07,4.6006329574e-07,0.0,0.0,1.0,1.0,0.0,7.2551203344e-07,0.90029950526,67.611640123,-4.6366305285e-07,4.6006329574e-07,0.0
6,21.407074,215.014276,150.99937,733.978,2.2669629919e-07,0.0316635555787551,0.04530676501876199,0.545702,0.72178241739,0.17608041739000002,-42.670268,-34.698892459,7.9713755410000005,0.17608041739,0.63669716522,0.31186602621,0.051436808568,0.76689254706,0.13450322004,0.087639036594,0.010965196301,5.7576152774e-08,-1.5316089282e-07,0.0,0.0,1.0,1.0,0.0,2.2669629919e-07,0.72178241739,-34.698892459,5.7576152774e-08,-1.5316089282e-07,0.0
7,21.422197,34.970109,330.955203,976.0889,3.4234186806e-07,0.04210813557757308,0.06841930206932391,0.395744,0.64935251255,0.25360851255000005,-31.910689,-38.188864356,6.278175356000002,0.25360851255,0.61914429182,0.3143138976,0.066541810579,0.76367446201,0.095920792095,0.1279163644,0.012488381496,5.2356204637e-08,-2.160471322e-07,0.0,0.0,1.0,1.0,0.0,3.4234186806e-07,0.64935251255,-38.188864356,5.2356204637e-08,-2.160471322e-07,0.0
8,21.46362,44.978509,340.963603,921.7391,3.2771268004e-07,0.03976350411315013,0.06549556142421564,0.418229,0.653794565,0.23556556499999998,-43.053435,-48.463136003,5.409701003000002,0.235565565,0.61788411058,0.31780933272,0.064306556701,0.75528260686,0.093774092956,0.13803115411,0.012912146078,-2.5837660486e-08,-2.1269315551e-07,0.0,0.0,1.0,1.0,0.0,3.2771268004e-07,0.653794565,-48.463136003,-2.5837660486e-08,-2.1269315551e-07,0.0
9,30.816987,24.801132,320.786226,1231.294,4.2707249447e-07,0.05311759480909195,0.08535328199915472,0.286903,0.55304138092,0.26613838092,-17.084846,-28.073047407,10.988201407000002,0.26613838092,0.66079297117,0.30558575612,0.033621272706,0.73243794849,0.096091880108,0.15255694605,0.018913225344,1.3157536917e-07,-1.9614549082e-07,0.0,0.0,1.0,1.0,0.0,4.2707249447e-07,0.55304138092,-28.073047407,1.3157536917e-07,-1.9614549082e-07,0.0
10,30.823224,284.864059,220.849153,1135.873,4.6139871856e-07,0.049001166064796625,0.09221360647019311,0.32357,0.74493532605,0.42136532605,56.879083,87.008448789,30.129365788999998,0.42136532605,0.40694882875,0.53882564476,0.054225526488,0.72978156211,0.16614982099,0.089896124794,0.014172492109,-3.4183989431e-07,3.5826895271e-08,0.0,0.0,1.0,1.0,0.0,4.6139871856e-07,0.74493532605,87.008448789,-3.4183989431e-07,3.5826895271e-08,0.0
11,30.874387,245.013084,180.998178,851.1628,5.3657603107e-07,0.03671886708371206,0.10723829299927454,0.523054,0.71705317275,0.19399917275,-76.315285,-55.744902257,20.570382743000003,0.19399917275,0.28006490131,0.13426387435,0.58567122434,0.77422849895,0.11147658888,0.10435881055,0.0099361016305,-1.4094894324e-07,-3.5800654487e-07,0.0,0.0,1.0,1.0,0.0,5.3657603107e-07,0.71705317275,-55.744902257,-1.4094894324e-07,-3.5800654487e-07,0.0
12,35.57465,215.013301,150.998395,810.0,2.6596962128e-07,0.03494311821170612,0.05315579996902586,0.537014,0.38167498882,0.15533901118,-40.652838,-41.903064663,1.2502266629999994,-0.15533901118,0.53000656898,0.16793771624,0.30205571478,0.82645136965,0.068044794387,0.099300076674,0.0062037592865,1.0952645241e-08,-1.0092136572e-07,0.0,0.0,1.0,1.0,0.0,2.6596962128e-07,0.38167498882,-41.903064663,1.0952645241e-08,-1.0092136572e-07,0.0
13,35.576727,355.000496,290.98559,1771.413,1.181007913e-06,0.07641814056883083,0.23603229603119089,0.128902,0.37265040144,0.24374840144,14.291139,1.9104996091,12.380639390899999,0.24374840144,0.30112771905,0.37920656439,0.31966571656,0.63616708559,0.19769328734,0.12691684034,0.039222786728,4.3912477284e-07,2.9328290828e-08,0.0,0.0,1.0,1.0,0.0,1.181007913e-06,0.37265040144,1.9104996091,4.3912477284e-07,2.9328290828e-08,0.0
14,35.58586,265.027386,201.01248,1024.895,3.7112306593e-07,0.04421361375257598,0.07417141612462078,0.422732,0.83829120106,0.41555920106,79.629747,-82.956170495,17.41408250500001,0.41555920106,0.44870343929,0.47334126931,0.077955291399,0.68001353668,0.21784403123,0.084224364197,0.017918067888,-3.017524251e-07,-7.5725878616e-08,0.0,0.0,1.0,1.0,0.0,3.7112306593e-07,0.83829120106,-82.956170495,-3.017524251e-07,-7.5725878616e-08,0.0
15,35.605589,35.045332,331.030426,1239.627,5.6914168536e-07,0.05347707753015138,0.1137467558717216,0.326617,0.49189774521,0.16528074521000002,-22.585339,-40.535123973,17.949784972999996,0.16528074521,0.5304565531,0.43002130908,0.039522137821,0.68055905702,0.1477188438,0.14252451437,0.029197584817,4.3456262969e-08,-2.7656623333e-07,0.0,0.0,1.0,1.0,0.0,5.6914168536e-07,0.49189774521,-40.535123973,4.3456262969e-08,-2.7656623333e-07,0.0
16,40.316147,265.004453,200.989547,1084.81,3.8910993829e-07,0.0467983260089394,0.07776621234471247,0.418477,0.76095434632,0.34247734632000004,77.339887,-81.848912854,20.811200145999976,0.34247734632,0.43671533046,0.44493629024,0.1183483793,0.70095373362,0.18686103515,0.095857190411,0.016328040822,-2.8419029686e-07,-8.3114765431e-08,0.0,0.0,1.0,1.0,0.0,3.8910993829e-07,0.76095434632,-81.848912854,-2.8419029686e-07,-8.3114765431e-08,0.0
17,40.324163,14.954901,310.939995,1695.377,1.7697663386e-06,0.07313797398075023,0.35369958807250773,0.190827,0.3326308704,0.1418038704,2.4309,-23.506017285,25.936917285,0.1418038704,0.23151507067,0.73455521189,0.033929717442,0.44832241095,0.38652859621,0.088218726889,0.076930265956,4.0138761729e-07,-4.3061682358e-07,0.0,0.0,1.0,1.0,0.0,1.7697663386e-06,0.3326308704,-23.506017285,4.0138761729e-07,-4.3061682358e-07,0.0
18,45.034671,185.008968,120.994062,943.4974,1.4587422601e-06,0.04070214960572515,0.29153935479950643,0.383692,0.34150747393,0.04218452606999995,-5.929611,-14.126169363,8.196558363000001,-0.042184526075,0.087601696131,0.89644962107,0.015948682797,0.44658661216,0.52128413134,0.015757097062,0.016372159439,4.3882493338e-07,-2.358122262e-07,0.0,0.0,1.0,1.0,0.0,1.4587422601e-06,0.34150747393,-14.126169363,4.3882493338e-07,-2.358122262e-07,0.0
19,45.035585,255.000237,190.985331,1059.728,4.3664294907e-07,0.045716297254635684,0.08726600108294316,0.48616,0.79538788949,0.3092278894900001,88.583927,-77.878343149,13.537729850999995,0.30922788949,0.36351273766,0.29973806034,0.33674920201,0.76953597159,0.11199112611,0.10775612913,0.010716773161,-3.166720701e-07,-1.426059145e-07,0.0,0.0,1.0,1.0,0.0,4.3664294907e-07,0.79538788949,-77.878343149,-3.166720701e-07,-1.426059145e-07,0.0
20,45.068991,345.000105,280.985199,2557.757,1.1151867963e-06,0.11034074717014668,0.22287750753991514,0.04368,0.28451437162,0.24083437162,31.24389,12.210926399,19.032963601,0.24083437162,0.44173248791,0.53953918121,0.018728330872,0.59204823852,0.27425133245,0.093548473311,0.040151955721,2.8889777418e-07,1.3118272523e-07,0.0,0.0,1.0,1.0,0.0,1.1151867963e-06,0.28451437162,12.210926399,2.8889777418e-07,1.3118272523e-07,0.0
21,49.750041,284.99331,220.978404,1661.615,9.7893218049e-07,0.07168149304610379,0.19564611521775205,0.256151,0.80065664211,0.54450564211,45.709435,84.016720311,38.307285311,0.54450564211,0.24284563304,0.62695741627,0.13019695069,0.58405542408,0.33455704957,0.055204034798,0.026183491559,-7.6675587225e-07,1.6251131464e-07,0.0,0.0,1.0,1.0,0.0,9.7893218049e-07,0.80065664211,84.016720311,-7.6675587225e-07,1.6251131464e-07,0.0
22,49.792916,274.998561,210.983655,1429.486,7.3240091546e-07,0.06166752874071474,0.14637520019001765,0.326312,0.8475073423,0.5211953423,60.611528,-88.568117328,30.820354672000008,0.5211953423,0.27599116844,0.71027129186,0.013737539701,0.58962341561,0.32728122458,0.057511832233,0.025583527585,-6.199399752e-07,-3.1011752028e-08,0.0,0.0,1.0,1.0,0.0,7.3240091546e-07,0.8475073423,-88.568117328,-6.199399752e-07,-3.1011752028e-08,0.0
23,54.482245,354.991676,290.97677,3374.261,1.3359514968e-06,0.14556444567919716,0.2669988030605263,0.066022,0.12809487397,0.06207287397,41.371539,10.0196549,31.3518841,0.062072873965,0.58841296887,0.36455140715,0.047035623973,0.57025310571,0.2483903047,0.13319618297,0.048160406619,1.6076803091e-07,5.8639721697e-08,0.0,0.0,1.0,1.0,0.0,1.3359514968e-06,0.12809487397,10.0196549,1.6076803091e-07,5.8639721697e-08,0.0
24,54.489972,224.980579,160.965673,1053.183,3.8852823344e-07,0.04543394823155467,0.07764995475672627,0.540187,0.29006914729,0.25011785271,-50.867216,-62.281745977,11.414529977,-0.25011785271,0.30846142431,0.5797945083,0.11174406738,0.72585117081,0.22919539845,0.039085630579,0.0058678001671,-6.3936897263e-08,-9.2808271174e-08,0.0,0.0,1.0,1.0,0.0,3.8852823344e-07,0.29006914729,-62.281745977,-6.3936897263e-08,-9.2808271174e-08,0.0
25,54.496164,54.998777,350.983871,1336.441,9.8733500384e-07,0.05765359980984042,0.1973254754206883,0.457759,0.39367937595,0.06407962405,-41.652187,-69.904710124,28.252523124000007,-0.06407962405,0.39664668618,0.52628053416,0.077072779655,0.67091285547,0.15346326926,0.14033600074,0.035287874542,-2.969237419e-07,-2.5083634624e-07,0.0,0.0,1.0,1.0,0.0,9.8733500384e-07,0.39367937595,-69.904710124,-2.969237419e-07,-2.5083634624e-07,0.0
26,54.525378,294.988667,230.973761,2130.807,1.0620969767e-06,0.09192227270040848,0.21226715355486978,0.178298,0.62277219027,0.44447419026999996,31.351461,78.743609381,47.392148381,0.44447419027,0.29765000501,0.57775799443,0.12459200056,0.56038905966,0.32944133581,0.074631536639,0.035538067897,-6.1103851819e-07,2.5326014996e-07,0.0,0.0,1.0,1.0,0.0,1.0620969767e-06,0.62277219027,78.743609381,-6.1103851819e-07,2.5326014996e-07,0.0
27,59.245405,345.009048,280.994142,4677.065,2.1970439903e-06,0.20176695701090527,0.4390938721102697,0.030075,0.031203886092,0.0011288860920000005,60.839088,15.202607582,45.636480418,0.0011288860915,0.42783663961,0.25348909641,0.31867426398,0.6712928955,0.13289427091,0.16232864149,0.0334841921,5.9127596885e-08,3.4697189854e-08,0.0,0.0,1.0,1.0,0.0,2.1970439903e-06,0.031203886092,15.202607582,5.9127596885e-08,3.4697189854e-08,0.0
28,59.267953,285.028524,221.013618,2010.915,6.3771759054e-07,0.08675017352925063,0.12745210718553,0.250778,0.77103974023,0.52026174023,40.188457,82.814700874,42.626243874,0.52026174023,0.43334641081,0.53382177789,0.032831811298,0.57970277304,0.3116023696,0.07589942606,0.032795431296,-4.7632045688e-07,1.2203780026e-07,0.0,0.0,1.0,1.0,0.0,6.3771759054e-07,0.77103974023,82.814700874,-4.7632045688e-07,1.2203780026e-07,0.0
29,63.966291,14.88351,310.868604,3112.24,1.9607175371e-06,0.13426095089283982,0.3918624566830779,0.149613,0.14221416926,0.007398830740000001,26.976862,-43.805429534,70.782291534,-0.007398830743,0.61968292821,0.37256190143,0.0077551703606,0.59820258278,0.23201642171,0.12169449855,0.048086496967,1.1623881555e-08,-2.7859943208e-07,0.0,0.0,1.0,1.0,0.0,1.9607175371e-06,0.14221416926,-43.805429534,1.1623881555e-08,-2.7859943208e-07,0.0
30,63.977704,274.997326,210.98242,1869.463,7.327414864e-07,0.0806479834585318,0.14644326556032114,0.328179,0.81562133372,0.48744233372,52.607716,-89.746872499,37.645411500999984,0.48744233372,0.30877313415,0.6625267683,0.028700097559,0.65453545429,0.26767424783,0.05849442166,0.019295876215,-5.9761625921e-07,-5.2805651179e-09,0.0,0.0,1.0,1.0,0.0,7.327414864e-07,0.81562133372,-89.746872499,-5.9761625921e-07,-5.2805651179e-09,0.0
31,68.671086,334.999499,270.984593,10175.18,2.4826214599e-06,0.4389537253893678,0.49616843113946524,0.033184,0.17408110599,0.14089710599000002,87.037577,55.606323589,31.431253411,0.14089710599,0.54366451773,0.42874814355,0.027587338713,0.47703864822,0.31094321445,0.12320220862,0.088815928715,-1.563749356e-07,4.0289485222e-07,0.0,0.0,1.0,1.0,0.0,2.4826214599e-06,0.17408110599,55.606323589,-1.563749356e-07,4.0289485222e-07,0.0
32,68.694684,255.000139,190.985233,1583.972,4.8139695213e-07,0.06833200103707723,0.09621038662224543,0.501284,0.72326670839,0.22198270839,84.113749,-81.420273387,14.465977613000007,0.22198270839,0.25949126112,0.6099654741,0.13054326478,0.65380927505,0.2636513091,0.064304337274,0.018235078573,-3.3268005947e-07,-1.0272374895e-07,0.0,0.0,1.0,1.0,0.0,4.8139695213e-07,0.72326670839,-81.420273387,-3.3268005947e-07,-1.0272374895e-07,0.0
33,68.701421,325.021154,261.006248,6093.547,3.2658088109e-06,0.2628734977155397,0.6526936386713442,0.024722,0.2237719795,0.1990499795,-51.640339,61.891865329,66.467795671,0.1990499795,0.33110930298,0.39050881577,0.27838188125,0.3804129546,0.4003572789,0.10163337082,0.11759639568,-4.0636643417e-07,6.0739595729e-07,0.0,0.0,1.0,1.0,0.0,3.2658088109e-06,0.2237719795,61.891865329,-4.0636643417e-07,6.0739595729e-07,0.0
34,68.709859,225.022007,161.007101,1360.803,4.7796055116e-07,0.05870456801462262,0.09552359900456339,0.508072,0.2315535399,0.2765184601,-47.136313,-64.032708574,16.896395573999996,-0.2765184601,0.12355929196,0.8444276229,0.032013085141,0.70090577118,0.25363284645,0.036632472541,0.0088289098373,-6.8236913412e-08,-8.7134022374e-08,0.0,0.0,1.0,1.0,0.0,4.7796055116e-07,0.2315535399,-64.032708574,-6.8236913412e-08,-8.7134022374e-08,0.0
35,68.713365,15.001975,310.987069,3496.599,2.3487327645e-06,0.15084206443942397,0.4694098837664785,0.138757,0.097770208585,0.04098679141499999,29.853845,-60.702698561,89.443456439,-0.040986791415,0.6845332399,0.20890403879,0.10656272131,0.74747280125,0.076921179197,0.15578897758,0.019817041974,-1.1966107867e-07,-1.9599479875e-07,0.0,0.0,1.0,1.0,0.0,2.3487327645e-06,0.097770208585,-60.702698561,-1.1966107867e-07,-1.9599479875e-07,0.0
36,68.717702,264.935502,200.920596,1778.077,7.7454105729e-07,0.07670562321051332,0.1547971881561685,0.414691,0.80210796229,0.38741696229000006,67.340996,-85.056807328,27.60219667199999,0.38741696229,0.21454388681,0.78070092746,0.0047551857275,0.58533991436,0.33555237921,0.055368112334,0.02373959409,-6.1203985035e-07,-1.0666819665e-07,0.0,0.0,1.0,1.0,0.0,7.7454105729e-07,0.80210796229,-85.056807328,-6.1203985035e-07,-1.0666819665e-07,0.0
37,68.72238,45.005744,340.990838,1988.297,2.0242602112e-06,0.08577444087775388,0.40456188324804176,0.384169,0.30980666444,0.07436233555999999,-20.066506,-67.781149819,47.714643819,-0.074362335562,0.41037087647,0.54141550474,0.048213618787,0.41192278522,0.36889791806,0.11042947259,0.10874982413,-4.4777794248e-07,-4.3907411464e-07,0.0,0.0,1.0,1.0,0.0,2.0242602112e-06,0.30980666444,-67.781149819,-4.4777794248e-07,-4.3907411464e-07,0.0
38,73.32303,334.714399,270.699493,23180.53,2.7945412963e-06,1.0,0.5585076875938506,0.04413,0.16788646593,0.12375646593,77.168802,59.545207707,17.623594292999996,0.12375646593,0.61800015706,0.3711172679,0.010882575039,0.48902083973,0.34466121917,0.095829543518,0.070488397583,-2.2810328112e-07,4.0998208702e-07,0.0,0.0,1.0,1.0,0.0,2.7945412963e-06,0.16788646593,59.545207707,-2.2810328112e-07,4.0998208702e-07,0.0
39,73.440336,325.003746,260.98884,7186.554,2.8177605211e-06,0.31002543945285116,0.5631482042925803,0.036796,0.23039501398,0.19359901398,-56.460273,65.089106744,58.45062025599999,0.19359901398,0.47966301484,0.5067806831,0.013556302062,0.35296965378,0.46161349351,0.076800705937,0.10861614678,-4.188412463e-07,4.9601413356e-07,0.0,0.0,1.0,1.0,0.0,2.8177605211e-06,0.23039501398,65.089106744,-4.188412463e-07,4.9601413356e-07,0.0
40,78.189566,344.989503,280.974597,18484.61,5.0035860891e-06,0.7974196448485,1.0,0.050912,0.056393624572,0.005481624572,-82.604333,54.73725137,42.65841563000001,0.0054816245721,0.56449899398,0.15352057317,0.28198043285,0.63903804631,0.16639453947,0.15212232743,0.042445086796,-9.4072024289e-08,2.6602737402e-07,0.0,0.0,1.0,1.0,0.0,5.0035860891e-06,0.056393624572,54.73725137,-9.4072024289e-08,2.6602737402e-07,0.0
41,78.270185,334.861859,270.846953,22869.57,3.3616479451e-06,0.9865852937788739,0.6718477278572542,0.025321,0.14244385079,0.11712285079,-72.101699,60.403858003,47.49444299699999,0.11712285079,0.64192060172,0.30530895829,0.052770439985,0.47200109954,0.33362936399,0.11196799161,0.082401544855,-2.4524510648e-07,4.1127655471e-07,0.0,0.0,1.0,1.0,0.0,3.3616479451e-06,0.14244385079,60.403858003,-2.4524510648e-07,4.1127655471e-07,0.0
42,82.917558,334.980982,270.966076,12641.81,2.9830872211e-06,0.5453632854813932,0.5961898462381748,0.038088,0.14109916293,0.10301116293,-78.938588,69.206666062,31.854745938000008,0.10301116293,0.66269563577,0.19400917531,0.14329518892,0.63680905372,0.12612116099,0.19078382242,0.046285962865,-3.1482154168e-07,2.7938067094e-07,0.0,0.0,1.0,1.0,0.0,2.9830872211e-06,0.14109916293,69.206666062,-3.1482154168e-07,2.7938067094e-07,0.0
43,82.923804,224.988177,160.973271,1597.026,7.7460924586e-07,0.06889514605576319,0.15481081609596722,0.442417,0.027925134136,0.414491865864,-43.232692,70.673264758,66.094043242,-0.41449186586,4.8359615522e-06,0.19471034425,0.80528481979,0.77982020276,0.12756397204,0.084817747319,0.0077980778799,-1.6892520225e-08,1.3510952004e-08,0.0,0.0,1.0,1.0,0.0,7.7460924586e-07,0.027925134136,70.673264758,-1.6892520225e-08,1.3510952004e-08,0.0
44,82.926566,325.000183,260.985277,7375.743,2.1193737791e-06,0.3181869870964987,0.42357096317717474,0.041356,0.194019317,0.152663317,-60.950002,74.517350939,44.532647061000006,0.152663317,0.65299602698,0.2625973627,0.084406610312,0.5866253454,0.17721156569,0.17849877286,0.057664316048,-3.5259492976e-07,2.1156986018e-07,0.0,0.0,1.0,1.0,0.0,2.1193737791e-06,0.194019317,74.517350939,-3.5259492976e-07,2.1156986018e-07,0.0
45,82.944673,34.992822,330.977916,2675.596,2.6268070655e-06,0.1154242806355161,0.5249848845855445,0.284735,0.20581062713,0.07892437287000001,4.647428,-83.443679557,88.091107557,-0.078924372872,0.52582530843,0.38227682682,0.091897864748,0.58057620711,0.16107071442,0.18057363612,0.077779442346,-5.2652852502e-07,-1.2264948829e-07,0.0,0.0,1.0,1.0,0.0,2.6268070655e-06,0.20581062713,-83.443679557,-5.2652852502e-07,-1.2264948829e-07,0.0
46,87.633138,335.017207,271.002301,7032.11,7.9025605844e-07,0.3033627790218774,0.15793793578600024,0.025559,0.099995611818,0.074436611818,-73.610315,79.55211624,26.83756876000001,0.074436611818,0.2369375053,0.57327136401,0.18979113069,0.45578951429,0.079287852479,0.36834004723,0.096582586008,-7.3824917171e-08,2.8184746011e-08,0.0,0.0,1.0,1.0,0.0,7.9025605844e-07,0.099995611818,79.55211624,-7.3824917171e-08,2.8184746011e-08,0.0
47,87.651442,345.043038,281.028132,3693.777,1.686184789e-06,0.15934825476380393,0.3369952587951366,0.045217,0.092906369341,0.047689369340999994,-67.205868,-57.070880674,10.134987325999994,0.047689369341,0.16855352382,0.26789638099,0.56355009519,0.48254698135,0.059697940096,0.38557462372,0.072180454843,-6.4072163603e-08,-1.4295548125e-07,0.0,0.0,1.0,1.0,0.0,1.686184789e-06,0.092906369341,-57.070880674,-6.4072163603e-08,-1.4295548125e-07,0.0
