# V2 physics-only re-freeze (2026-08-11, task #23): chi-fix + King 0.0279 +
# AERONET at-site day profile (column AOD550 0.155, BL-weighted s=1.3796 below
# 700 m; Marseille_ATMO evening plateau/bracket; f22 EXCLUDED = sensitivity only).
# Jobs: 788181 (subset+full, pinned build_v2freeze), gate 788184 (+788183 budget
# cross-check). Metrics = comparison-CSV family (scan-table definitions,
# tools/score_measurement_comparison.py, calibrated exact vs 08-10 scan rows).
# full zenith-bucket sgn-bias medians (0-30/30-60/60-90 deg):
#   full_chifix +0.350/+0.143/+0.093   full_v2 +0.304/+0.106/+0.076
case,n_dirs,sgn_bias_med,sgn_bias_zen_lt45,aop_med_deg,shape_rmse,model_dolp_med,abs_bias_med
subset_chifix_baseline,48,+0.1938,+0.2617,23.37,0.1731,0.3877,0.2288
subset_v2,48,+0.1678,+0.2588,18.01,0.2599,0.4683,0.1806
full_chifix_baseline,683,+0.2068,+0.3072,17.01,0.0827,0.5844,0.2173
full_v2,683,+0.1736,+0.2761,16.96,0.0940,0.5567,0.1981
