index,zenith_deg,relative_azimuth_deg,absolute_azimuth_deg,reference_intensity,model_intensity,normalized_reference,normalized_model,reference_dop,model_dop,dop_abs_error,reference_aop_deg,model_aop_deg,aop_abs_error_deg,signed_dolp_bias,first_frac,second_frac,higher_frac,second_rr_frac,second_ar_frac,second_ra_frac,second_aa_frac
0,90,0,270,0.9,5.81743e-05,1,1,0,0.0127758,0,0,-68.0452,0,0,0.836274,0.0513669,0.112359,0.55094,0.00047192,0.448266,0.000322182
1,80,0,270,0.7,5.00449e-05,0.777778,0.860257,0,0.225812,0,0,2.16632,0,0,0.708609,0.0170104,0.274381,0.983054,0.000805679,0.0161306,9.57776e-06
2,60,0,270,0.18,8.10258e-06,0.2,0.139281,0,0.104654,0,0,68.6576,0,0,0.757578,0.152023,0.0903989,0.98616,0.00039374,0.0134386,7.38927e-06
3,40,0,270,0.06,3.8442e-06,0.0666667,0.0660807,0,0.372527,0,0,-85.6441,0,0,0.600116,0.339696,0.0601881,0.98533,0.00168391,0.0129585,2.7512e-05
4,20,0,270,0.033,1.37606e-06,0.0366667,0.023654,0,0.807747,0,0,89.8713,0,0,0.869929,0.0936728,0.0363981,0.986669,0.000441966,0.0128823,6.78343e-06
5,0,0,270,0.022,1.8022e-06,0.0244444,0.0309793,0,0.493886,0,0,1.22759,0,0,0.478589,0.478132,0.0432788,0.987499,0.00146597,0.0110188,1.64603e-05
6,90,22.5,292.5,0.68,4.33097e-05,0.755556,0.744481,0,0.0574183,0,0,-13.4162,0,0,0.824893,0.0653589,0.109748,0.512858,0.000711264,0.485852,0.000579234
7,80,22.5,292.5,0.67,3.17474e-05,0.744444,0.545729,0,0.114587,0,0,-35.9486,0,0,0.928837,0.0268883,0.044275,0.983645,0.000470912,0.015875,8.78956e-06
8,60,22.5,292.5,0.17,6.76065e-06,0.188889,0.116214,0,0.209984,0,0,-51.9583,0,0,0.802138,0.124353,0.0735091,0.986466,0.000484723,0.0130376,1.14832e-05
9,40,22.5,292.5,0.06,2.92859e-06,0.0666667,0.0503417,0,0.492593,0,0,-63.3385,0,0,0.730146,0.261445,0.00840907,0.985257,0.00224482,0.0124643,3.36126e-05
10,20,22.5,292.5,0.033,1.35945e-06,0.0366667,0.0233685,0,0.839182,0,0,-66.211,0,0,0.860555,0.0876717,0.0517737,0.986342,0.00043174,0.0132193,6.6321e-06
11,0,22.5,292.5,0.022,1.76092e-06,0.0244444,0.0302697,0,0.499697,0,0,-0.103521,0,0,0.48981,0.489342,0.0208486,0.987499,0.00146597,0.0110188,1.64603e-05
12,90,45,315,0.4,2.30977e-05,0.444444,0.397044,0,0.258624,0,0,-6.09201,0,0,0.716516,0.126393,0.157091,0.429622,0.000876226,0.568082,0.00141993
13,80,45,315,0.35,1.92602e-05,0.388889,0.331077,0,0.361264,0,0,-14.8083,0,0,0.887472,0.0426556,0.0698723,0.983096,0.000451241,0.0164398,1.25287e-05
14,60,45,315,0.1,5.18836e-06,0.111111,0.0891865,0,0.493607,0,0,-21.67,0,0,0.734587,0.223373,0.0420401,0.992978,0.000517846,0.00649812,5.62779e-06
15,40,45,315,0.046,2.16887e-06,0.0511111,0.0372822,0,0.657798,0,0,-41.9129,0,0,0.802194,0.181854,0.0159515,0.984864,0.00114697,0.0139718,1.74406e-05
16,20,45,315,0.031,3.07172e-06,0.0344444,0.052802,0,0.530221,0,0,-61.6493,0,0,0.352887,0.132946,0.514167,0.932417,0.0638487,0.00370199,3.19217e-05
17,0,45,315,0.022,1.75344e-06,0.0244444,0.0301411,0,0.503015,0,0,-0.18575,0,0,0.491898,0.491428,0.0166732,0.987499,0.00146597,0.0110188,1.64603e-05
18,90,90,0,0.17,2.09682e-06,0.188889,0.0360437,0,0.401533,0,0,21.7883,0,0,0.0997076,0.338613,0.561679,0.462726,0.000276424,0.536659,0.000338173
19,80,90,0,0.155,3.07395e-06,0.172222,0.0528404,0,0.795756,0,0,-1.08268,0,0,0.712768,0.212026,0.0752058,0.988688,0.000386528,0.0109208,4.89056e-06
20,60,90,0,0.06,3.97157e-06,0.0666667,0.0682702,0,0.921962,0,0,-2.4825,0,0,0.360957,0.610601,0.0284424,0.978101,0.0146012,0.00715721,0.000140502
21,40,90,0,0.038,1.29335e-06,0.0422222,0.0222323,0,0.770521,0,0,-2.17005,0,0,0.818897,0.15698,0.0241234,0.98653,0.000322258,0.013143,4.60113e-06
22,20,90,0,0.028,1.10147e-06,0.0311111,0.0189339,0,0.829748,0,0,-0.0293772,0,0,0.821428,0.122423,0.0561485,0.990143,0.000366676,0.00948695,3.49923e-06
23,0,90,0,0.022,2.39926e-06,0.0244444,0.0412425,0,0.345156,0,0,22.2751,0,0,0.359492,0.359149,0.281359,0.987499,0.00146597,0.0110188,1.64603e-05
24,90,180,90,0.085,9.09726e-07,0.0944444,0.0156379,0,0.121602,0,0,89.7838,0,0,0,0.108076,0.891924,0.728893,0.000480971,0.270458,0.000168229
25,80,180,90,0.085,1.29682e-06,0.0944444,0.0222919,0,0.0979891,0,0,-15.404,0,0,5.9755e-16,0.622224,0.377776,0.994412,0.000581899,0.00500345,3.06656e-06
26,60,180,90,0.056,1.24477e-06,0.0622222,0.0213972,0,0.130553,0,0,-57.5202,0,0,0.476611,0.492516,0.0308733,0.993426,0.00481961,0.00175183,2.24279e-06
27,40,180,90,0.037,1.90078e-06,0.0411111,0.0326739,0,0.299543,0,0,77.961,0,0,0.444461,0.525745,0.0297937,0.925797,0.0734148,0.000773909,1.41501e-05
28,20,180,90,0.028,2.02679e-06,0.0311111,0.03484,0,0.601987,0,0,-80.3881,0,0,0.406735,0.0542092,0.539055,0.98941,0.000566832,0.0100187,4.05818e-06
29,0,180,90,0.022,1.98877e-06,0.0244444,0.0341863,0,0.431144,0,0,3.03157,0,0,0.433693,0.433279,0.133028,0.987499,0.00146597,0.0110188,1.64603e-05
