artifact_id,role,source_path,export_path,required,sha256,notes
status_note,current_status,notebooks/MARSEILLE_CALIBRATED_VALIDATION_STATUS_2026-04-28.md,,true,16aebb7d9fd74fc8d283edbfccfa38e8d29f422731dc9766befbedef359d2bfe,canonical status note
paper_package,manuscript_language,notebooks/MARSEILLE_CALIBRATED_PAPER_PACKAGE_2026-04-29.md,,true,fb0fa9027d7227837ac721b8d800e54f8499292db9a6b0d3370214927a8e2141,methods results limitations captions
handoff,fresh_thread_handoff,notebooks/MARSEILLE_LIGHT_SCATTERING_HANDOFF_2026-04-30.md,,true,005ac892c9fa2130e425cb2de2fc3531e1f043dd98fa49527d7d1dbab61edc90,collaborator handoff
model_assumptions,model_scope,MODEL_ASSUMPTIONS.md,,true,394c1391ea3c28d610703812c741c6373516c4b7691dc9b46762c2c7b2ad8d97,physical numerical assumptions
summary_json,machine_summary,notebooks/marseille_calibrated_validation_summary_2026-04-29.json,paper/tables/marseille_calibrated_validation_summary_2026-04-29.json,true,bbb9849c30498ff409f0bcfe2c5a60bc377d9ff0dc6058005a0a3432076c657e,source for generated table
metric_table,paper_table_source,notebooks/table_marseille_calibrated_validation_2026-04-28.csv,paper/tables/table_marseille_calibrated_validation_2026-04-28.csv,true,d6c875e4d4a5fd10524d65bee8ac6cb9635ffd6624ad0b9d4a7120e0a3fae67a,validation metrics
figure_table,figure_inventory,notebooks/table_marseille_calibrated_figures_2026-04-29.csv,paper/tables/table_marseille_calibrated_figures_2026-04-29.csv,true,89855778cbf494c9c5d2deb8c99cd3ed2945398fd1cc935ef0e73e59c6e64556,figure inventory
measurement_config,measurement_config,monte_carlo_cpp/config/paper_cases/frozen_marseille_twilight_20220815_191413z_measurement.cfg,,true,0e67ed83274d9336d9c285e22b38ca704ed94fbc57fb8b387cd36318be9c6fde,frozen measurement config
frozen_report,frozen_report,monte_carlo_cpp/results/measurement_case_reports/frozen_marseille_twilight_20220815_191413z_measurement__full_branchcap_robust_r2.txt,paper/tables/reproducibility/frozen_marseille_twilight_20220815_191413z_measurement__full_branchcap_robust_r2.txt,true,0e1e25c4b9884dc58c1705b80533a109e9af23660be14053a9c0d68398b8f184,calibrated report
comparison_csv,pointwise_comparison,monte_carlo_cpp/results/measurement_case_reports/frozen_marseille_twilight_20220815_191413z_measurement__full_branchcap_robust_r2_comparison.csv,paper/tables/reproducibility/frozen_marseille_twilight_20220815_191413z_measurement__full_branchcap_robust_r2_comparison.csv,true,f07646b16b4b1e396ba100e55df4c1b5412e1460331975f4f429ef09baba8ec4,pointwise comparison
region_summary,region_summary,monte_carlo_cpp/results/measurement_case_reports/frozen_marseille_twilight_20220815_191413z_measurement__full_branchcap_robust_r2_region_summary.csv,paper/tables/reproducibility/frozen_marseille_twilight_20220815_191413z_measurement__full_branchcap_robust_r2_region_summary.csv,true,c2f234de04a4bcca670f631b4c8db7a034863ce0cfb3f243308866e7abfbbc6a,region metrics
calibration_csv,calibration_artifact,monte_carlo_cpp/data/paper_cases/frozen_marseille_twilight_20220815_191413z/measurement_model_quality_calibration.csv,paper/tables/reproducibility/measurement_model_quality_calibration.csv,true,a4895582b710550840b2b4102aebd8f58752e3458d0d5b0b3fc14f04d3ce79aa,rowwise calibration
calibration_metadata,calibration_metadata,monte_carlo_cpp/data/paper_cases/frozen_marseille_twilight_20220815_191413z/measurement_model_quality_calibration.json,paper/tables/reproducibility/measurement_model_quality_calibration.json,true,ad8a615c419f34fcb055ace03c28b08815afc5350488a18042da6606c5b3714f,rowwise calibration metadata
main_panel,main_figure,notebooks/figures/marseille_calibrated_main_panel_2026-04-30.png,paper/figures/marseille_calibrated_main_panel_2026-04-30.png,true,935fbceccbcb83dbcea665b303bd6f4c57c1d5559e268dab579191ab4f4309d3,main composite figure
reference_intensity,figure,plots/current/measurement_cases/frozen_marseille_twilight_20220815_191413z_measurement__full_branchcap_robust_r2/reference_intensity_norm.png,paper/figures/marseille_calibrated/reference_intensity_norm.png,true,0d03d4f025f5e328acd1f3b64acdfc7f6015903a36cf0d4bdb714f83ce311ef0,reference intensity
model_intensity,figure,plots/current/measurement_cases/frozen_marseille_twilight_20220815_191413z_measurement__full_branchcap_robust_r2/model_intensity_norm.png,paper/figures/marseille_calibrated/model_intensity_norm.png,true,3824b29742c06bf9eaa5ce8e45647c78e23d2dd5d88254266d3bf1d5959494df,calibrated model intensity
intensity_difference,figure,plots/current/measurement_cases/frozen_marseille_twilight_20220815_191413z_measurement__full_branchcap_robust_r2/intensity_difference.png,paper/figures/marseille_calibrated/intensity_difference.png,true,37eaaa90e5f471d173d5c262aa8c6f845786bdcf0180ee1770ed54230a2f8241,intensity residual
reference_dop,figure,plots/current/measurement_cases/frozen_marseille_twilight_20220815_191413z_measurement__full_branchcap_robust_r2/reference_dop.png,paper/figures/marseille_calibrated/reference_dop.png,true,d0beef4714c21238243d1739f02dd775966b5c83a920ee28336eb431574426c6,reference dolp
model_dop,figure,plots/current/measurement_cases/frozen_marseille_twilight_20220815_191413z_measurement__full_branchcap_robust_r2/model_dop.png,paper/figures/marseille_calibrated/model_dop.png,true,6d0f21fb37cda043b2ff941b5ffdf951a33b5ac5490e56512569eebaf9e325d6,calibrated model dolp
dop_abs_error,figure,plots/current/measurement_cases/frozen_marseille_twilight_20220815_191413z_measurement__full_branchcap_robust_r2/dop_abs_error.png,paper/figures/marseille_calibrated/dop_abs_error.png,true,af998faab44b9c6336a3f0c6a923e10eafc40ecd67211db51b87677d86cb3dd2,dolp residual
dop_signed_bias,figure,plots/current/measurement_cases/frozen_marseille_twilight_20220815_191413z_measurement__full_branchcap_robust_r2/dop_signed_bias.png,paper/figures/marseille_calibrated/dop_signed_bias.png,true,050d98d96d5be6e660b85275af06a99a53900b6f79c69cb97da7cef7dc7433b9,dolp signed bias
reference_aop,figure,plots/current/measurement_cases/frozen_marseille_twilight_20220815_191413z_measurement__full_branchcap_robust_r2/reference_aop_deg.png,paper/figures/marseille_calibrated/reference_aop_deg.png,true,54321db38560f193f886dd63d9f7b417f244656673e433e47774656569ad22b1,reference aop
model_aop,figure,plots/current/measurement_cases/frozen_marseille_twilight_20220815_191413z_measurement__full_branchcap_robust_r2/model_aop_deg.png,paper/figures/marseille_calibrated/model_aop_deg.png,true,28433c1ef48e39cc64faea1f13a37c759a49a330c35b2eea97221961a0a592cb,calibrated model aop
aop_abs_error,figure,plots/current/measurement_cases/frozen_marseille_twilight_20220815_191413z_measurement__full_branchcap_robust_r2/aop_abs_error_deg.png,paper/figures/marseille_calibrated/aop_abs_error_deg.png,true,5b1aad2bb994dde4670f9ccd6df67f55c0fdc8f48a1cb84b8a514f1f4d7b7819,aop residual
first_order_fraction,figure,plots/current/measurement_cases/frozen_marseille_twilight_20220815_191413z_measurement__full_branchcap_robust_r2/first_order_fraction.png,paper/figures/marseille_calibrated/first_order_fraction.png,true,f029392bffb14dfa704f144b944e344a676b5431201841efac3c0c9b742cb30b,first order fraction
second_order_fraction,figure,plots/current/measurement_cases/frozen_marseille_twilight_20220815_191413z_measurement__full_branchcap_robust_r2/second_order_fraction.png,paper/figures/marseille_calibrated/second_order_fraction.png,true,b14ed7bead4bf286597f9250695d1f25aee17c05834f79aea53960cfdf4ed27c,second order fraction
higher_order_fraction,figure,plots/current/measurement_cases/frozen_marseille_twilight_20220815_191413z_measurement__full_branchcap_robust_r2/higher_order_fraction.png,paper/figures/marseille_calibrated/higher_order_fraction.png,true,e792f3ca5d03317ec9e494885b220138515fa892da79b57da424b26a40e3db11,higher order fraction
second_rr_fraction,figure,plots/current/measurement_cases/frozen_marseille_twilight_20220815_191413z_measurement__full_branchcap_robust_r2/second_rr_fraction.png,paper/figures/marseille_calibrated/second_rr_fraction.png,true,bac533e45683acf610d6d0235169c24befe8ab23b00d93d63e2119a45c1c3dc9,second rr fraction
second_ar_fraction,figure,plots/current/measurement_cases/frozen_marseille_twilight_20220815_191413z_measurement__full_branchcap_robust_r2/second_ar_fraction.png,paper/figures/marseille_calibrated/second_ar_fraction.png,true,d87d793caed7517b7600a198439579b4b2b4ff542c37b211cb0d1968f399a81d,second ar fraction
second_ra_fraction,figure,plots/current/measurement_cases/frozen_marseille_twilight_20220815_191413z_measurement__full_branchcap_robust_r2/second_ra_fraction.png,paper/figures/marseille_calibrated/second_ra_fraction.png,true,8c45e90cf1b3beb614d9d6096f07e98489645aaf1788e1c76f2ed0a22ae29653,second ra fraction
second_aa_fraction,figure,plots/current/measurement_cases/frozen_marseille_twilight_20220815_191413z_measurement__full_branchcap_robust_r2/second_aa_fraction.png,paper/figures/marseille_calibrated/second_aa_fraction.png,true,77c7ee0eda6aa884bc473832ec446be57c0aa76e67ef3043ac508ceea1e43316,second aa fraction
plot_metadata,plot_metadata,plots/current/measurement_cases/frozen_marseille_twilight_20220815_191413z_measurement__full_branchcap_robust_r2/measurement_plot_metadata.json,paper/figures/marseille_calibrated/measurement_plot_metadata.json,true,0b8198fb52187956f2e16f0516fb1bb5b815aaf136e3da26da0df17e072026c3,plot metadata
